# available indexes and allowed index kits. Note that default NovaSeq Instrument type is NovaSeq1.5,,,,,,,
Index_Adapters,product.no,Instrument_Type,Index_Plate_Well,I7_Index_ID,index,I5_Index_ID,index2
IDT-Ilmn RNA UD Indexes SetA Ligation,20040553,NovaSeq,A01,UDP0001,GAACTGAGCG,UDP0001,CGCTCCACGA
IDT-Ilmn RNA UD Indexes SetA Ligation,20040553,NovaSeq,B01,UDP0002,AGGTCAGATA,UDP0002,TATCTTGTAG
IDT-Ilmn RNA UD Indexes SetA Ligation,20040553,NovaSeq,C01,UDP0003,CGTCTCATAT,UDP0003,AGCTACTATA
IDT-Ilmn RNA UD Indexes SetA Ligation,20040553,NovaSeq,D01,UDP0004,ATTCCATAAG,UDP0004,CCACCAGGCA
IDT-Ilmn RNA UD Indexes SetA Ligation,20040553,NovaSeq,E01,UDP0005,GACGAGATTA,UDP0005,AGGATAATGT
IDT-Ilmn RNA UD Indexes SetA Ligation,20040553,NovaSeq,F01,UDP0006,AACATCGCGC,UDP0006,ACAAGTGGAC
IDT-Ilmn RNA UD Indexes SetA Ligation,20040553,NovaSeq,G01,UDP0007,CTAGTGCTCT,UDP0007,TACTGTTCCA
IDT-Ilmn RNA UD Indexes SetA Ligation,20040553,NovaSeq,H01,UDP0008,GATCAAGGCA,UDP0008,ATTAACAAGG
IDT-Ilmn RNA UD Indexes SetA Ligation,20040553,NovaSeq,A02,UDP0009,GACTGAGTAG,UDP0009,CACTATCAAC
IDT-Ilmn RNA UD Indexes SetA Ligation,20040553,NovaSeq,B02,UDP0010,AGTCAGACGA,UDP0010,TGTCGCTGGT
IDT-Ilmn RNA UD Indexes SetA Ligation,20040553,NovaSeq,C02,UDP0011,CCGTATGTTC,UDP0011,ACAGTGTATG
IDT-Ilmn RNA UD Indexes SetA Ligation,20040553,NovaSeq,D02,UDP0012,GAGTCATAGG,UDP0012,AGCGCCACAC
IDT-Ilmn RNA UD Indexes SetA Ligation,20040553,NovaSeq,E02,UDP0013,CTTGCCATTA,UDP0013,CCTTCGTGAT
IDT-Ilmn RNA UD Indexes SetA Ligation,20040553,NovaSeq,F02,UDP0014,GAAGCGGCAC,UDP0014,AGTAGAGCCG
IDT-Ilmn RNA UD Indexes SetA Ligation,20040553,NovaSeq,G02,UDP0015,TCCATTGCCG,UDP0015,TCGTGCATTC
IDT-Ilmn RNA UD Indexes SetA Ligation,20040553,NovaSeq,H02,UDP0016,CGGTTACGGC,UDP0016,CTATAGTCTT
IDT-Ilmn RNA UD Indexes SetA Ligation,20040553,NovaSeq,A03,UDP0017,GAGAATGGTT,UDP0017,TTGCTGCCGA
IDT-Ilmn RNA UD Indexes SetA Ligation,20040553,NovaSeq,B03,UDP0018,AGAGGCAACC,UDP0018,CCATCATTAG
IDT-Ilmn RNA UD Indexes SetA Ligation,20040553,NovaSeq,C03,UDP0019,CCATCATTAG,UDP0019,AGAGGCAACC
IDT-Ilmn RNA UD Indexes SetA Ligation,20040553,NovaSeq,D03,UDP0020,GATAGGCCGA,UDP0020,GCCATGTGCG
IDT-Ilmn RNA UD Indexes SetA Ligation,20040553,NovaSeq,E03,UDP0021,ATGGTTGACT,UDP0021,AGGACAGGCC
IDT-Ilmn RNA UD Indexes SetA Ligation,20040553,NovaSeq,F03,UDP0022,TATTGCGCTC,UDP0022,CCTAACACAG
IDT-Ilmn RNA UD Indexes SetA Ligation,20040553,NovaSeq,G03,UDP0023,ACGCCTTGTT,UDP0023,ACGTTCCTTA
IDT-Ilmn RNA UD Indexes SetA Ligation,20040553,NovaSeq,H03,UDP0024,TTCTACATAC,UDP0024,TTACAGTTAG
IDT-Ilmn RNA UD Indexes SetA Ligation,20040553,NovaSeq,A04,UDP0025,AACCATAGAA,UDP0025,CCATCTCGCC
IDT-Ilmn RNA UD Indexes SetA Ligation,20040553,NovaSeq,B04,UDP0026,GGTTGCGAGG,UDP0026,TTGCTCTATT
IDT-Ilmn RNA UD Indexes SetA Ligation,20040553,NovaSeq,C04,UDP0027,TAAGCATCCA,UDP0027,AATGGATTGA
IDT-Ilmn RNA UD Indexes SetA Ligation,20040553,NovaSeq,D04,UDP0028,ACCACGACAT,UDP0028,CCGCATACGA
IDT-Ilmn RNA UD Indexes SetA Ligation,20040553,NovaSeq,E04,UDP0029,GCCGCACTCT,UDP0029,CGAGGTCGGA
IDT-Ilmn RNA UD Indexes SetA Ligation,20040553,NovaSeq,F04,UDP0030,CCACCAGGCA,UDP0030,ATTCCATAAG
IDT-Ilmn RNA UD Indexes SetA Ligation,20040553,NovaSeq,G04,UDP0031,GTGACACGCA,UDP0031,GTCCGTAAGC
IDT-Ilmn RNA UD Indexes SetA Ligation,20040553,NovaSeq,H04,UDP0032,ACAGTGTATG,UDP0032,CCGTATGTTC
IDT-Ilmn RNA UD Indexes SetA Ligation,20040553,NovaSeq,A05,UDP0033,TGATTATACG,UDP0033,TGTAATCGAC
IDT-Ilmn RNA UD Indexes SetA Ligation,20040553,NovaSeq,B05,UDP0034,CAGCCGCGTA,UDP0034,CACGGCTAGT
IDT-Ilmn RNA UD Indexes SetA Ligation,20040553,NovaSeq,C05,UDP0035,GGTAACTCGC,UDP0035,TCACCAACTT
IDT-Ilmn RNA UD Indexes SetA Ligation,20040553,NovaSeq,D05,UDP0036,ACCGGCCGTA,UDP0036,AATATTGCCA
IDT-Ilmn RNA UD Indexes SetA Ligation,20040553,NovaSeq,E05,UDP0037,TGTAATCGAC,UDP0037,CGCGGTGATC
IDT-Ilmn RNA UD Indexes SetA Ligation,20040553,NovaSeq,F05,UDP0038,GTGCAGACAG,UDP0038,ACGGATGGTA
IDT-Ilmn RNA UD Indexes SetA Ligation,20040553,NovaSeq,G05,UDP0039,CAATCGGCTG,UDP0039,TTCCTACAGC
IDT-Ilmn RNA UD Indexes SetA Ligation,20040553,NovaSeq,H05,UDP0040,TATGTAGTCA,UDP0040,CATTAGTGCG
IDT-Ilmn RNA UD Indexes SetA Ligation,20040553,NovaSeq,A06,UDP0041,ACTCGGCAAT,UDP0041,TTCAGTTGTC
IDT-Ilmn RNA UD Indexes SetA Ligation,20040553,NovaSeq,B06,UDP0042,GTCTAATGGC,UDP0042,CCTGACCACT
IDT-Ilmn RNA UD Indexes SetA Ligation,20040553,NovaSeq,C06,UDP0043,CCATCTCGCC,UDP0043,AACCATAGAA
IDT-Ilmn RNA UD Indexes SetA Ligation,20040553,NovaSeq,D06,UDP0044,CTGCGAGCCA,UDP0044,TGGCCGGATT
IDT-Ilmn RNA UD Indexes SetA Ligation,20040553,NovaSeq,E06,UDP0045,CGTTATTCTA,UDP0045,AACCTTATGG
IDT-Ilmn RNA UD Indexes SetA Ligation,20040553,NovaSeq,F06,UDP0046,AGATCCATTA,UDP0046,TGGTAGAGAT
IDT-Ilmn RNA UD Indexes SetA Ligation,20040553,NovaSeq,G06,UDP0047,GTCCTGGATA,UDP0047,TTCGCCACCG
IDT-Ilmn RNA UD Indexes SetA Ligation,20040553,NovaSeq,H06,UDP0048,CAGTGGCACT,UDP0048,CCTATTGTTA
IDT-Ilmn RNA UD Indexes SetA Ligation,20040553,NovaSeq,A07,UDP0049,AGTGTTGCAC,UDP0049,CGTGTACCAG
IDT-Ilmn RNA UD Indexes SetA Ligation,20040553,NovaSeq,B07,UDP0050,GACACCATGT,UDP0050,TACACGTTGA
IDT-Ilmn RNA UD Indexes SetA Ligation,20040553,NovaSeq,C07,UDP0051,CCTGTCTGTC,UDP0051,TCACAACAGT
IDT-Ilmn RNA UD Indexes SetA Ligation,20040553,NovaSeq,D07,UDP0052,TGATGTAAGA,UDP0052,AAGGACGCAC
IDT-Ilmn RNA UD Indexes SetA Ligation,20040553,NovaSeq,E07,UDP0053,GGAATTGTAA,UDP0053,AGGATGTGCT
IDT-Ilmn RNA UD Indexes SetA Ligation,20040553,NovaSeq,F07,UDP0054,GCATAAGCTT,UDP0054,TGCGACGGAA
IDT-Ilmn RNA UD Indexes SetA Ligation,20040553,NovaSeq,G07,UDP0055,CTGAGGAATA,UDP0055,AGTGGTTAAG
IDT-Ilmn RNA UD Indexes SetA Ligation,20040553,NovaSeq,H07,UDP0056,AACGCACGAG,UDP0056,TATCCGAGGC
IDT-Ilmn RNA UD Indexes SetA Ligation,20040553,NovaSeq,A08,UDP0057,TCTATCCTAA,UDP0057,CCAGTCGACG
IDT-Ilmn RNA UD Indexes SetA Ligation,20040553,NovaSeq,B08,UDP0058,CTCGCTTCGG,UDP0058,TTGACTAGTA
IDT-Ilmn RNA UD Indexes SetA Ligation,20040553,NovaSeq,C08,UDP0059,CTGTTGGTCC,UDP0059,AACGGTCTAT
IDT-Ilmn RNA UD Indexes SetA Ligation,20040553,NovaSeq,D08,UDP0060,TTACCTGGAA,UDP0060,CTGGAACTGT
IDT-Ilmn RNA UD Indexes SetA Ligation,20040553,NovaSeq,E08,UDP0061,TGGCTAATCA,UDP0061,CTACATGCCT
IDT-Ilmn RNA UD Indexes SetA Ligation,20040553,NovaSeq,F08,UDP0062,AACACTGTTA,UDP0062,TGAGACTTGC
IDT-Ilmn RNA UD Indexes SetA Ligation,20040553,NovaSeq,G08,UDP0063,ATTGCGCGGT,UDP0063,GCGGAGCCAA
IDT-Ilmn RNA UD Indexes SetA Ligation,20040553,NovaSeq,H08,UDP0064,TGGCGCGAAC,UDP0064,AGTATCAGTT
IDT-Ilmn RNA UD Indexes SetA Ligation,20040553,NovaSeq,A09,UDP0065,TAATGTGTCT,UDP0065,TATGCCTTAC
IDT-Ilmn RNA UD Indexes SetA Ligation,20040553,NovaSeq,B09,UDP0066,ATACCAACGC,UDP0066,CGCAGCAATT
IDT-Ilmn RNA UD Indexes SetA Ligation,20040553,NovaSeq,C09,UDP0067,AGGATGTGCT,UDP0067,GGAATTGTAA
IDT-Ilmn RNA UD Indexes SetA Ligation,20040553,NovaSeq,D09,UDP0068,CACGGAACAA,UDP0068,GTGCTAGGTT
IDT-Ilmn RNA UD Indexes SetA Ligation,20040553,NovaSeq,E09,UDP0069,TGGAGTACTT,UDP0069,TCCACACAGA
IDT-Ilmn RNA UD Indexes SetA Ligation,20040553,NovaSeq,F09,UDP0070,GTATTGACGT,UDP0070,TTGGAATTCC
IDT-Ilmn RNA UD Indexes SetA Ligation,20040553,NovaSeq,G09,UDP0071,CTTGTACACC,UDP0071,AAGCGCGCTT
IDT-Ilmn RNA UD Indexes SetA Ligation,20040553,NovaSeq,H09,UDP0072,ACACAGGTGG,UDP0072,ACAACGCTCA
IDT-Ilmn RNA UD Indexes SetA Ligation,20040553,NovaSeq,A10,UDP0073,CCTGCGGAAC,UDP0073,AGCCTATGAT
IDT-Ilmn RNA UD Indexes SetA Ligation,20040553,NovaSeq,B10,UDP0074,TTCATAAGGT,UDP0074,CCTTCTAACA
IDT-Ilmn RNA UD Indexes SetA Ligation,20040553,NovaSeq,C10,UDP0075,CTCTGCAGCG,UDP0075,TACATCCATC
IDT-Ilmn RNA UD Indexes SetA Ligation,20040553,NovaSeq,D10,UDP0076,CTGACTCTAC,UDP0076,TGACGGCCGT
IDT-Ilmn RNA UD Indexes SetA Ligation,20040553,NovaSeq,E10,UDP0077,TCTGGTATCC,UDP0077,GTAAGCAACG
IDT-Ilmn RNA UD Indexes SetA Ligation,20040553,NovaSeq,F10,UDP0078,CATTAGTGCG,UDP0078,TATGTAGTCA
IDT-Ilmn RNA UD Indexes SetA Ligation,20040553,NovaSeq,G10,UDP0079,ACGGTCAGGA,UDP0079,AACGAGGCCG
IDT-Ilmn RNA UD Indexes SetA Ligation,20040553,NovaSeq,H10,UDP0080,GGCAAGCCAG,UDP0080,CGGATGCTTG
IDT-Ilmn RNA UD Indexes SetA Ligation,20040553,NovaSeq,A11,UDP0081,TGTCGCTGGT,UDP0081,AGTCAGACGA
IDT-Ilmn RNA UD Indexes SetA Ligation,20040553,NovaSeq,B11,UDP0082,ACCGTTACAA,UDP0082,TCGCTATGAG
IDT-Ilmn RNA UD Indexes SetA Ligation,20040553,NovaSeq,C11,UDP0083,TATGCCTTAC,UDP0083,TAATGTGTCT
IDT-Ilmn RNA UD Indexes SetA Ligation,20040553,NovaSeq,D11,UDP0084,ACAAGTGGAC,UDP0084,AACATCGCGC
IDT-Ilmn RNA UD Indexes SetA Ligation,20040553,NovaSeq,E11,UDP0085,TGGTACCTAA,UDP0085,AGTACTCATG
IDT-Ilmn RNA UD Indexes SetA Ligation,20040553,NovaSeq,F11,UDP0086,TTGGAATTCC,UDP0086,GTATTGACGT
IDT-Ilmn RNA UD Indexes SetA Ligation,20040553,NovaSeq,G11,UDP0087,CCTCTACATG,UDP0087,AGGAGGTATC
IDT-Ilmn RNA UD Indexes SetA Ligation,20040553,NovaSeq,H11,UDP0088,GGAGCGTGTA,UDP0088,ACTTACGGAT
IDT-Ilmn RNA UD Indexes SetA Ligation,20040553,NovaSeq,A12,UDP0089,GTCCGTAAGC,UDP0089,AAGATACACG
IDT-Ilmn RNA UD Indexes SetA Ligation,20040553,NovaSeq,B12,UDP0090,ACTTCAAGCG,UDP0090,TTCATGGTTC
IDT-Ilmn RNA UD Indexes SetA Ligation,20040553,NovaSeq,C12,UDP0091,TCAGAAGGCG,UDP0091,TATGATGGCC
IDT-Ilmn RNA UD Indexes SetA Ligation,20040553,NovaSeq,D12,UDP0092,GCGTTGGTAT,UDP0092,GGAAGTATGT
IDT-Ilmn RNA UD Indexes SetA Ligation,20040553,NovaSeq,E12,UDP0093,ACATATCCAG,UDP0093,ATTGCACATA
IDT-Ilmn RNA UD Indexes SetA Ligation,20040553,NovaSeq,F12,UDP0094,TCATAGATTG,UDP0094,CACCTTAATC
IDT-Ilmn RNA UD Indexes SetA Ligation,20040553,NovaSeq,G12,UDP0095,GTATTCCACC,UDP0095,TTGTCTACAT
IDT-Ilmn RNA UD Indexes SetA Ligation,20040553,NovaSeq,H12,UDP0096,CCTCCGTCCA,UDP0096,CACCGATGTG
IDT-Ilmn RNA UD Indexes SetB Ligation,20040554,NovaSeq1.0,A01,UDP0097,TGCCGGTCAG,UDP0097,CCTGATACAA
IDT-Ilmn RNA UD Indexes SetB Ligation,20040554,NovaSeq1.0,B01,UDP0098,CACTCAATTC,UDP0098,TTAAGTTGTG
IDT-Ilmn RNA UD Indexes SetB Ligation,20040554,NovaSeq1.0,C01,UDP0099,TCTCACACGC,UDP0099,CGGACAGTGA
IDT-Ilmn RNA UD Indexes SetB Ligation,20040554,NovaSeq1.0,D01,UDP0100,TCAATGGAGA,UDP0100,GCACTACAAC
IDT-Ilmn RNA UD Indexes SetB Ligation,20040554,NovaSeq1.0,E01,UDP0101,ATATGCATGT,UDP0101,TGGTGCCTGG
IDT-Ilmn RNA UD Indexes SetB Ligation,20040554,NovaSeq1.0,F01,UDP0102,ATGGCGCCTG,UDP0102,TCCACGGCCT
IDT-Ilmn RNA UD Indexes SetB Ligation,20040554,NovaSeq1.0,G01,UDP0103,TCCGTTATGT,UDP0103,TTGTAGTGTA
IDT-Ilmn RNA UD Indexes SetB Ligation,20040554,NovaSeq1.0,H01,UDP0104,GGTCTATTAA,UDP0104,CCACGACACG
IDT-Ilmn RNA UD Indexes SetB Ligation,20040554,NovaSeq1.0,A02,UDP0105,CAGCAATCGT,UDP0105,TGTGATGTAT
IDT-Ilmn RNA UD Indexes SetB Ligation,20040554,NovaSeq1.0,B02,UDP0106,TTCTGTAGAA,UDP0106,GAGCGCAATA
IDT-Ilmn RNA UD Indexes SetB Ligation,20040554,NovaSeq1.0,C02,UDP0107,GAACGCAATA,UDP0107,ATCTTACTGT
IDT-Ilmn RNA UD Indexes SetB Ligation,20040554,NovaSeq1.0,D02,UDP0108,AGTACTCATG,UDP0108,ATGTCGTGGT
IDT-Ilmn RNA UD Indexes SetB Ligation,20040554,NovaSeq1.0,E02,UDP0109,GGTAGAATTA,UDP0109,GTAGCCATCA
IDT-Ilmn RNA UD Indexes SetB Ligation,20040554,NovaSeq1.0,F02,UDP0110,TAATTAGCGT,UDP0110,TGGTTAAGAA
IDT-Ilmn RNA UD Indexes SetB Ligation,20040554,NovaSeq1.0,G02,UDP0111,ATTAACAAGG,UDP0111,TGTTGTTCGT
IDT-Ilmn RNA UD Indexes SetB Ligation,20040554,NovaSeq1.0,H02,UDP0112,TGATGGCTAC,UDP0112,CCAACAACAT
IDT-Ilmn RNA UD Indexes SetB Ligation,20040554,NovaSeq1.0,A03,UDP0113,GAATTACAAG,UDP0113,ACCGGCTCAG
IDT-Ilmn RNA UD Indexes SetB Ligation,20040554,NovaSeq1.0,B03,UDP0114,TAGAATTGGA,UDP0114,GTTAATCTGA
IDT-Ilmn RNA UD Indexes SetB Ligation,20040554,NovaSeq1.0,C03,UDP0115,AGGCAGCTCT,UDP0115,CGGCTAACGT
IDT-Ilmn RNA UD Indexes SetB Ligation,20040554,NovaSeq1.0,D03,UDP0116,ATCGGCGAAG,UDP0116,TCCAAGAATT
IDT-Ilmn RNA UD Indexes SetB Ligation,20040554,NovaSeq1.0,E03,UDP0117,CCGTGACCGA,UDP0117,CCGAACGTTG
IDT-Ilmn RNA UD Indexes SetB Ligation,20040554,NovaSeq1.0,F03,UDP0118,ATACTTGTTC,UDP0118,TAACCGCCGA
IDT-Ilmn RNA UD Indexes SetB Ligation,20040554,NovaSeq1.0,G03,UDP0119,TCCGCCAATT,UDP0119,CTCCGTGCTG
IDT-Ilmn RNA UD Indexes SetB Ligation,20040554,NovaSeq1.0,H03,UDP0120,AGGACAGGCC,UDP0120,CATTCCAGCT
IDT-Ilmn RNA UD Indexes SetB Ligation,20040554,NovaSeq1.0,A04,UDP0121,AGAGAACCTA,UDP0121,GGTTATGCTA
IDT-Ilmn RNA UD Indexes SetB Ligation,20040554,NovaSeq1.0,B04,UDP0122,GATATTGTGT,UDP0122,ACCACACGGT
IDT-Ilmn RNA UD Indexes SetB Ligation,20040554,NovaSeq1.0,C04,UDP0123,CGTACAGGAA,UDP0123,TAGGTTCTCT
IDT-Ilmn RNA UD Indexes SetB Ligation,20040554,NovaSeq1.0,D04,UDP0124,CTGCGTTACC,UDP0124,TATGGCTCGA
IDT-Ilmn RNA UD Indexes SetB Ligation,20040554,NovaSeq1.0,E04,UDP0125,AGGCCGTGGA,UDP0125,CTCGTGCGTT
IDT-Ilmn RNA UD Indexes SetB Ligation,20040554,NovaSeq1.0,F04,UDP0126,AGGAGGTATC,UDP0126,CCAGTTGGCA
IDT-Ilmn RNA UD Indexes SetB Ligation,20040554,NovaSeq1.0,G04,UDP0127,GCTGACGTTG,UDP0127,TGTTCGCATT
IDT-Ilmn RNA UD Indexes SetB Ligation,20040554,NovaSeq1.0,H04,UDP0128,CTAATAACCG,UDP0128,AACCGCATCG
IDT-Ilmn RNA UD Indexes SetB Ligation,20040554,NovaSeq1.0,A05,UDP0129,TCTAGGCGCG,UDP0129,CGAAGGTTAA
IDT-Ilmn RNA UD Indexes SetB Ligation,20040554,NovaSeq1.0,B05,UDP0130,ATAGCCAAGA,UDP0130,AGTGCCACTG
IDT-Ilmn RNA UD Indexes SetB Ligation,20040554,NovaSeq1.0,C05,UDP0131,TTCGGTGTGA,UDP0131,GAACAAGTAT
IDT-Ilmn RNA UD Indexes SetB Ligation,20040554,NovaSeq1.0,D05,UDP0132,ATGTAACGTT,UDP0132,ACGATTGCTG
IDT-Ilmn RNA UD Indexes SetB Ligation,20040554,NovaSeq1.0,E05,UDP0133,AACGAGGCCG,UDP0133,ATACCTGGAT
IDT-Ilmn RNA UD Indexes SetB Ligation,20040554,NovaSeq1.0,F05,UDP0134,TGGTGTTATG,UDP0134,TCCAATTCTA
IDT-Ilmn RNA UD Indexes SetB Ligation,20040554,NovaSeq1.0,G05,UDP0135,TGGCCTCTGT,UDP0135,TGAGACAGCG
IDT-Ilmn RNA UD Indexes SetB Ligation,20040554,NovaSeq1.0,H05,UDP0136,CCAGGCACCA,UDP0136,ACGCTAATTA
IDT-Ilmn RNA UD Indexes SetB Ligation,20040554,NovaSeq1.0,A06,UDP0137,CCGGTTCCTA,UDP0137,TATATTCGAG
IDT-Ilmn RNA UD Indexes SetB Ligation,20040554,NovaSeq1.0,B06,UDP0138,GGCCAATATT,UDP0138,CGGTCCGATA
IDT-Ilmn RNA UD Indexes SetB Ligation,20040554,NovaSeq1.0,C06,UDP0139,GAATACCTAT,UDP0139,ACAATAGAGT
IDT-Ilmn RNA UD Indexes SetB Ligation,20040554,NovaSeq1.0,D06,UDP0140,TACGTGAAGG,UDP0140,CGGTTATTAG
IDT-Ilmn RNA UD Indexes SetB Ligation,20040554,NovaSeq1.0,E06,UDP0141,CTTATTGGCC,UDP0141,GATAACAAGT
IDT-Ilmn RNA UD Indexes SetB Ligation,20040554,NovaSeq1.0,F06,UDP0142,ACAACTACTG,UDP0142,AGTTATCACA
IDT-Ilmn RNA UD Indexes SetB Ligation,20040554,NovaSeq1.0,G06,UDP0143,GTTGGATGAA,UDP0143,TTCCAGGTAA
IDT-Ilmn RNA UD Indexes SetB Ligation,20040554,NovaSeq1.0,H06,UDP0144,AATCCAATTG,UDP0144,CATGTAGAGG
IDT-Ilmn RNA UD Indexes SetB Ligation,20040554,NovaSeq1.0,A07,UDP0145,TATGATGGCC,UDP0145,GATTGTCATA
IDT-Ilmn RNA UD Indexes SetB Ligation,20040554,NovaSeq1.0,B07,UDP0146,CGCAGCAATT,UDP0146,ATTCCGCTAT
IDT-Ilmn RNA UD Indexes SetB Ligation,20040554,NovaSeq1.0,C07,UDP0147,ACGTTCCTTA,UDP0147,GACCGCTGTG
IDT-Ilmn RNA UD Indexes SetB Ligation,20040554,NovaSeq1.0,D07,UDP0148,CCGCGTATAG,UDP0148,TAGGAACCGG
IDT-Ilmn RNA UD Indexes SetB Ligation,20040554,NovaSeq1.0,E07,UDP0149,GATTCTGAAT,UDP0149,AGCGGTGGAC
IDT-Ilmn RNA UD Indexes SetB Ligation,20040554,NovaSeq1.0,F07,UDP0150,TAGAGAATAC,UDP0150,TATAGATTCG
IDT-Ilmn RNA UD Indexes SetB Ligation,20040554,NovaSeq1.0,G07,UDP0151,TTGTATCAGG,UDP0151,ACAGAGGCCA
IDT-Ilmn RNA UD Indexes SetB Ligation,20040554,NovaSeq1.0,H07,UDP0152,CACAGCGGTC,UDP0152,ATTCCTATTG
IDT-Ilmn RNA UD Indexes SetB Ligation,20040554,NovaSeq1.0,A08,UDP0153,CCACGCTGAA,UDP0153,TATTCCTCAG
IDT-Ilmn RNA UD Indexes SetB Ligation,20040554,NovaSeq1.0,B08,UDP0154,GTTCGGAGTT,UDP0154,CGCCTTCTGA
IDT-Ilmn RNA UD Indexes SetB Ligation,20040554,NovaSeq1.0,C08,UDP0155,ATAGCGGAAT,UDP0155,GCGCAGAGTA
IDT-Ilmn RNA UD Indexes SetB Ligation,20040554,NovaSeq1.0,D08,UDP0156,GCAATATTCA,UDP0156,GGCGCCAATT
IDT-Ilmn RNA UD Indexes SetB Ligation,20040554,NovaSeq1.0,E08,UDP0157,CTAGATTGCG,UDP0157,AGATATGGCG
IDT-Ilmn RNA UD Indexes SetB Ligation,20040554,NovaSeq1.0,F08,UDP0158,CGATGCGGTT,UDP0158,CCTGCTTGGT
IDT-Ilmn RNA UD Indexes SetB Ligation,20040554,NovaSeq1.0,G08,UDP0159,TCCGGACTAG,UDP0159,GACGAACAAT
IDT-Ilmn RNA UD Indexes SetB Ligation,20040554,NovaSeq1.0,H08,UDP0160,GTGACGGAGC,UDP0160,TGGCGGTCCA
IDT-Ilmn RNA UD Indexes SetB Ligation,20040554,NovaSeq1.0,A09,UDP0161,AATTCCATCT,UDP0161,CTTCAGTTAC
IDT-Ilmn RNA UD Indexes SetB Ligation,20040554,NovaSeq1.0,B09,UDP0162,TTAACGGTGT,UDP0162,TCCTGACCGT
IDT-Ilmn RNA UD Indexes SetB Ligation,20040554,NovaSeq1.0,C09,UDP0163,ACTTGTTATC,UDP0163,CGCGCCTAGA
IDT-Ilmn RNA UD Indexes SetB Ligation,20040554,NovaSeq1.0,D09,UDP0164,CGTGTACCAG,UDP0164,AGGATAAGTT
IDT-Ilmn RNA UD Indexes SetB Ligation,20040554,NovaSeq1.0,E09,UDP0165,TTAACCTTCG,UDP0165,AGGCCAGACA
IDT-Ilmn RNA UD Indexes SetB Ligation,20040554,NovaSeq1.0,F09,UDP0166,CATATGCGAT,UDP0166,CCTTGAACGG
IDT-Ilmn RNA UD Indexes SetB Ligation,20040554,NovaSeq1.0,G09,UDP0167,AGCCTATGAT,UDP0167,CACCACCTAC
IDT-Ilmn RNA UD Indexes SetB Ligation,20040554,NovaSeq1.0,H09,UDP0168,TATGACAATC,UDP0168,TTGCTTGTAT
IDT-Ilmn RNA UD Indexes SetB Ligation,20040554,NovaSeq1.0,A10,UDP0169,ATGTTGTTGG,UDP0169,CAATCTATGA
IDT-Ilmn RNA UD Indexes SetB Ligation,20040554,NovaSeq1.0,B10,UDP0170,GCACCACCAA,UDP0170,TGGTACTGAT
IDT-Ilmn RNA UD Indexes SetB Ligation,20040554,NovaSeq1.0,C10,UDP0171,AGGCGTTCGC,UDP0171,TTCATCCAAC
IDT-Ilmn RNA UD Indexes SetB Ligation,20040554,NovaSeq1.0,D10,UDP0172,CCTCCGGTTG,UDP0172,CATAACACCA
IDT-Ilmn RNA UD Indexes SetB Ligation,20040554,NovaSeq1.0,E10,UDP0173,GTCCACCGCT,UDP0173,TCCTATTAGC
IDT-Ilmn RNA UD Indexes SetB Ligation,20040554,NovaSeq1.0,F10,UDP0174,ATTGTTCGTC,UDP0174,TCTCTAGATT
IDT-Ilmn RNA UD Indexes SetB Ligation,20040554,NovaSeq1.0,G10,UDP0175,GGACCAGTGG,UDP0175,CGCGAGCCTA
IDT-Ilmn RNA UD Indexes SetB Ligation,20040554,NovaSeq1.0,H10,UDP0176,CCTTCTAACA,UDP0176,GATAAGCTCT
IDT-Ilmn RNA UD Indexes SetB Ligation,20040554,NovaSeq1.0,A11,UDP0177,CTCGAATATA,UDP0177,GAGATGTCGA
IDT-Ilmn RNA UD Indexes SetB Ligation,20040554,NovaSeq1.0,B11,UDP0178,GATCGTCGCG,UDP0178,CTGGATATGT
IDT-Ilmn RNA UD Indexes SetB Ligation,20040554,NovaSeq1.0,C11,UDP0179,TATCCGAGGC,UDP0179,GGCCAATAAG
IDT-Ilmn RNA UD Indexes SetB Ligation,20040554,NovaSeq1.0,D11,UDP0180,CGCTGTCTCA,UDP0180,ATTACTCACC
IDT-Ilmn RNA UD Indexes SetB Ligation,20040554,NovaSeq1.0,E11,UDP0181,AATGCGAACA,UDP0181,AATTGGCGGA
IDT-Ilmn RNA UD Indexes SetB Ligation,20040554,NovaSeq1.0,F11,UDP0182,AATTCTTGGA,UDP0182,TTGTCAACTT
IDT-Ilmn RNA UD Indexes SetB Ligation,20040554,NovaSeq1.0,G11,UDP0183,TTCCTACAGC,UDP0183,GGCGAATTCT
IDT-Ilmn RNA UD Indexes SetB Ligation,20040554,NovaSeq1.0,H11,UDP0184,ATCCAGGTAT,UDP0184,CAACGTCAGC
IDT-Ilmn RNA UD Indexes SetB Ligation,20040554,NovaSeq1.0,A12,UDP0185,ACGGTCCAAC,UDP0185,TCTTACATCA
IDT-Ilmn RNA UD Indexes SetB Ligation,20040554,NovaSeq1.0,B12,UDP0186,GTAACTTGGT,UDP0186,CGCCATACCT
IDT-Ilmn RNA UD Indexes SetB Ligation,20040554,NovaSeq1.0,C12,UDP0187,AGCGCCACAC,UDP0187,CTAATGTCTT
IDT-Ilmn RNA UD Indexes SetB Ligation,20040554,NovaSeq1.0,D12,UDP0188,TGCTACTGCC,UDP0188,CAACCGGAGG
IDT-Ilmn RNA UD Indexes SetB Ligation,20040554,NovaSeq1.0,E12,UDP0189,CAACACCGCA,UDP0189,GGCAGTAGCA
IDT-Ilmn RNA UD Indexes SetB Ligation,20040554,NovaSeq1.0,F12,UDP0190,CACCTTAATC,UDP0190,TTAGGATAGA
IDT-Ilmn RNA UD Indexes SetB Ligation,20040554,NovaSeq1.0,G12,UDP0191,TTGAATGTTG,UDP0191,CGCAATCTAG
IDT-Ilmn RNA UD Indexes SetB Ligation,20040554,NovaSeq1.0,H12,UDP0192,CCGGTAACAC,UDP0192,GAGTTGTACT
IDT-Ilmn RNA UD Indexes SetB Ligation,20040554,NovaSeq,A01,UDP0097,TGCCGGTCAG,UDP0097,TTGTATCAGG
IDT-Ilmn RNA UD Indexes SetB Ligation,20040554,NovaSeq,B01,UDP0098,CACTCAATTC,UDP0098,CACAACTTAA
IDT-Ilmn RNA UD Indexes SetB Ligation,20040554,NovaSeq,C01,UDP0099,TCTCACACGC,UDP0099,TCACTGTCCG
IDT-Ilmn RNA UD Indexes SetB Ligation,20040554,NovaSeq,D01,UDP0100,TCAATGGAGA,UDP0100,GTTGTAGTGC
IDT-Ilmn RNA UD Indexes SetB Ligation,20040554,NovaSeq,E01,UDP0101,ATATGCATGT,UDP0101,CCAGGCACCA
IDT-Ilmn RNA UD Indexes SetB Ligation,20040554,NovaSeq,F01,UDP0102,ATGGCGCCTG,UDP0102,AGGCCGTGGA
IDT-Ilmn RNA UD Indexes SetB Ligation,20040554,NovaSeq,G01,UDP0103,TCCGTTATGT,UDP0103,TACACTACAA
IDT-Ilmn RNA UD Indexes SetB Ligation,20040554,NovaSeq,H01,UDP0104,GGTCTATTAA,UDP0104,CGTGTCGTGG
IDT-Ilmn RNA UD Indexes SetB Ligation,20040554,NovaSeq,A02,UDP0105,CAGCAATCGT,UDP0105,ATACATCACA
IDT-Ilmn RNA UD Indexes SetB Ligation,20040554,NovaSeq,B02,UDP0106,TTCTGTAGAA,UDP0106,TATTGCGCTC
IDT-Ilmn RNA UD Indexes SetB Ligation,20040554,NovaSeq,C02,UDP0107,GAACGCAATA,UDP0107,ACAGTAAGAT
IDT-Ilmn RNA UD Indexes SetB Ligation,20040554,NovaSeq,D02,UDP0108,AGTACTCATG,UDP0108,ACCACGACAT
IDT-Ilmn RNA UD Indexes SetB Ligation,20040554,NovaSeq,E02,UDP0109,GGTAGAATTA,UDP0109,TGATGGCTAC
IDT-Ilmn RNA UD Indexes SetB Ligation,20040554,NovaSeq,F02,UDP0110,TAATTAGCGT,UDP0110,TTCTTAACCA
IDT-Ilmn RNA UD Indexes SetB Ligation,20040554,NovaSeq,G02,UDP0111,ATTAACAAGG,UDP0111,ACGAACAACA
IDT-Ilmn RNA UD Indexes SetB Ligation,20040554,NovaSeq,H02,UDP0112,TGATGGCTAC,UDP0112,ATGTTGTTGG
IDT-Ilmn RNA UD Indexes SetB Ligation,20040554,NovaSeq,A03,UDP0113,GAATTACAAG,UDP0113,CTGAGCCGGT
IDT-Ilmn RNA UD Indexes SetB Ligation,20040554,NovaSeq,B03,UDP0114,TAGAATTGGA,UDP0114,TCAGATTAAC
IDT-Ilmn RNA UD Indexes SetB Ligation,20040554,NovaSeq,C03,UDP0115,AGGCAGCTCT,UDP0115,ACGTTAGCCG
IDT-Ilmn RNA UD Indexes SetB Ligation,20040554,NovaSeq,D03,UDP0116,ATCGGCGAAG,UDP0116,AATTCTTGGA
IDT-Ilmn RNA UD Indexes SetB Ligation,20040554,NovaSeq,E03,UDP0117,CCGTGACCGA,UDP0117,CAACGTTCGG
IDT-Ilmn RNA UD Indexes SetB Ligation,20040554,NovaSeq,F03,UDP0118,ATACTTGTTC,UDP0118,TCGGCGGTTA
IDT-Ilmn RNA UD Indexes SetB Ligation,20040554,NovaSeq,G03,UDP0119,TCCGCCAATT,UDP0119,CAGCACGGAG
IDT-Ilmn RNA UD Indexes SetB Ligation,20040554,NovaSeq,H03,UDP0120,AGGACAGGCC,UDP0120,AGCTGGAATG
IDT-Ilmn RNA UD Indexes SetB Ligation,20040554,NovaSeq,A04,UDP0121,AGAGAACCTA,UDP0121,TAGCATAACC
IDT-Ilmn RNA UD Indexes SetB Ligation,20040554,NovaSeq,B04,UDP0122,GATATTGTGT,UDP0122,ACCGTGTGGT
IDT-Ilmn RNA UD Indexes SetB Ligation,20040554,NovaSeq,C04,UDP0123,CGTACAGGAA,UDP0123,AGAGAACCTA
IDT-Ilmn RNA UD Indexes SetB Ligation,20040554,NovaSeq,D04,UDP0124,CTGCGTTACC,UDP0124,TCGAGCCATA
IDT-Ilmn RNA UD Indexes SetB Ligation,20040554,NovaSeq,E04,UDP0125,AGGCCGTGGA,UDP0125,AACGCACGAG
IDT-Ilmn RNA UD Indexes SetB Ligation,20040554,NovaSeq,F04,UDP0126,AGGAGGTATC,UDP0126,TGCCAACTGG
IDT-Ilmn RNA UD Indexes SetB Ligation,20040554,NovaSeq,G04,UDP0127,GCTGACGTTG,UDP0127,AATGCGAACA
IDT-Ilmn RNA UD Indexes SetB Ligation,20040554,NovaSeq,H04,UDP0128,CTAATAACCG,UDP0128,CGATGCGGTT
IDT-Ilmn RNA UD Indexes SetB Ligation,20040554,NovaSeq,A05,UDP0129,TCTAGGCGCG,UDP0129,TTAACCTTCG
IDT-Ilmn RNA UD Indexes SetB Ligation,20040554,NovaSeq,B05,UDP0130,ATAGCCAAGA,UDP0130,CAGTGGCACT
IDT-Ilmn RNA UD Indexes SetB Ligation,20040554,NovaSeq,C05,UDP0131,TTCGGTGTGA,UDP0131,ATACTTGTTC
IDT-Ilmn RNA UD Indexes SetB Ligation,20040554,NovaSeq,D05,UDP0132,ATGTAACGTT,UDP0132,CAGCAATCGT
IDT-Ilmn RNA UD Indexes SetB Ligation,20040554,NovaSeq,E05,UDP0133,AACGAGGCCG,UDP0133,ATCCAGGTAT
IDT-Ilmn RNA UD Indexes SetB Ligation,20040554,NovaSeq,F05,UDP0134,TGGTGTTATG,UDP0134,TAGAATTGGA
IDT-Ilmn RNA UD Indexes SetB Ligation,20040554,NovaSeq,G05,UDP0135,TGGCCTCTGT,UDP0135,CGCTGTCTCA
IDT-Ilmn RNA UD Indexes SetB Ligation,20040554,NovaSeq,H05,UDP0136,CCAGGCACCA,UDP0136,TAATTAGCGT
IDT-Ilmn RNA UD Indexes SetB Ligation,20040554,NovaSeq,A06,UDP0137,CCGGTTCCTA,UDP0137,CTCGAATATA
IDT-Ilmn RNA UD Indexes SetB Ligation,20040554,NovaSeq,B06,UDP0138,GGCCAATATT,UDP0138,TATCGGACCG
IDT-Ilmn RNA UD Indexes SetB Ligation,20040554,NovaSeq,C06,UDP0139,GAATACCTAT,UDP0139,ACTCTATTGT
IDT-Ilmn RNA UD Indexes SetB Ligation,20040554,NovaSeq,D06,UDP0140,TACGTGAAGG,UDP0140,CTAATAACCG
IDT-Ilmn RNA UD Indexes SetB Ligation,20040554,NovaSeq,E06,UDP0141,CTTATTGGCC,UDP0141,ACTTGTTATC
IDT-Ilmn RNA UD Indexes SetB Ligation,20040554,NovaSeq,F06,UDP0142,ACAACTACTG,UDP0142,TGTGATAACT
IDT-Ilmn RNA UD Indexes SetB Ligation,20040554,NovaSeq,G06,UDP0143,GTTGGATGAA,UDP0143,TTACCTGGAA
IDT-Ilmn RNA UD Indexes SetB Ligation,20040554,NovaSeq,H06,UDP0144,AATCCAATTG,UDP0144,CCTCTACATG
IDT-Ilmn RNA UD Indexes SetB Ligation,20040554,NovaSeq,A07,UDP0145,TATGATGGCC,UDP0145,TATGACAATC
IDT-Ilmn RNA UD Indexes SetB Ligation,20040554,NovaSeq,B07,UDP0146,CGCAGCAATT,UDP0146,ATAGCGGAAT
IDT-Ilmn RNA UD Indexes SetB Ligation,20040554,NovaSeq,C07,UDP0147,ACGTTCCTTA,UDP0147,CACAGCGGTC
IDT-Ilmn RNA UD Indexes SetB Ligation,20040554,NovaSeq,D07,UDP0148,CCGCGTATAG,UDP0148,CCGGTTCCTA
IDT-Ilmn RNA UD Indexes SetB Ligation,20040554,NovaSeq,E07,UDP0149,GATTCTGAAT,UDP0149,GTCCACCGCT
IDT-Ilmn RNA UD Indexes SetB Ligation,20040554,NovaSeq,F07,UDP0150,TAGAGAATAC,UDP0150,CGAATCTATA
IDT-Ilmn RNA UD Indexes SetB Ligation,20040554,NovaSeq,G07,UDP0151,TTGTATCAGG,UDP0151,TGGCCTCTGT
IDT-Ilmn RNA UD Indexes SetB Ligation,20040554,NovaSeq,H07,UDP0152,CACAGCGGTC,UDP0152,CAATAGGAAT
IDT-Ilmn RNA UD Indexes SetB Ligation,20040554,NovaSeq,A08,UDP0153,CCACGCTGAA,UDP0153,CTGAGGAATA
IDT-Ilmn RNA UD Indexes SetB Ligation,20040554,NovaSeq,B08,UDP0154,GTTCGGAGTT,UDP0154,TCAGAAGGCG
IDT-Ilmn RNA UD Indexes SetB Ligation,20040554,NovaSeq,C08,UDP0155,ATAGCGGAAT,UDP0155,TACTCTGCGC
IDT-Ilmn RNA UD Indexes SetB Ligation,20040554,NovaSeq,D08,UDP0156,GCAATATTCA,UDP0156,AATTGGCGCC
IDT-Ilmn RNA UD Indexes SetB Ligation,20040554,NovaSeq,E08,UDP0157,CTAGATTGCG,UDP0157,CGCCATATCT
IDT-Ilmn RNA UD Indexes SetB Ligation,20040554,NovaSeq,F08,UDP0158,CGATGCGGTT,UDP0158,ACCAAGCAGG
IDT-Ilmn RNA UD Indexes SetB Ligation,20040554,NovaSeq,G08,UDP0159,TCCGGACTAG,UDP0159,ATTGTTCGTC
IDT-Ilmn RNA UD Indexes SetB Ligation,20040554,NovaSeq,H08,UDP0160,GTGACGGAGC,UDP0160,TGGACCGCCA
IDT-Ilmn RNA UD Indexes SetB Ligation,20040554,NovaSeq,A09,UDP0161,AATTCCATCT,UDP0161,GTAACTGAAG
IDT-Ilmn RNA UD Indexes SetB Ligation,20040554,NovaSeq,B09,UDP0162,TTAACGGTGT,UDP0162,ACGGTCAGGA
IDT-Ilmn RNA UD Indexes SetB Ligation,20040554,NovaSeq,C09,UDP0163,ACTTGTTATC,UDP0163,TCTAGGCGCG
IDT-Ilmn RNA UD Indexes SetB Ligation,20040554,NovaSeq,D09,UDP0164,CGTGTACCAG,UDP0164,AACTTATCCT
IDT-Ilmn RNA UD Indexes SetB Ligation,20040554,NovaSeq,E09,UDP0165,TTAACCTTCG,UDP0165,TGTCTGGCCT
IDT-Ilmn RNA UD Indexes SetB Ligation,20040554,NovaSeq,F09,UDP0166,CATATGCGAT,UDP0166,CCGTTCAAGG
IDT-Ilmn RNA UD Indexes SetB Ligation,20040554,NovaSeq,G09,UDP0167,AGCCTATGAT,UDP0167,GTAGGTGGTG
IDT-Ilmn RNA UD Indexes SetB Ligation,20040554,NovaSeq,H09,UDP0168,TATGACAATC,UDP0168,ATACAAGCAA
IDT-Ilmn RNA UD Indexes SetB Ligation,20040554,NovaSeq,A10,UDP0169,ATGTTGTTGG,UDP0169,TCATAGATTG
IDT-Ilmn RNA UD Indexes SetB Ligation,20040554,NovaSeq,B10,UDP0170,GCACCACCAA,UDP0170,ATCAGTACCA
IDT-Ilmn RNA UD Indexes SetB Ligation,20040554,NovaSeq,C10,UDP0171,AGGCGTTCGC,UDP0171,GTTGGATGAA
IDT-Ilmn RNA UD Indexes SetB Ligation,20040554,NovaSeq,D10,UDP0172,CCTCCGGTTG,UDP0172,TGGTGTTATG
IDT-Ilmn RNA UD Indexes SetB Ligation,20040554,NovaSeq,E10,UDP0173,GTCCACCGCT,UDP0173,GCTAATAGGA
IDT-Ilmn RNA UD Indexes SetB Ligation,20040554,NovaSeq,F10,UDP0174,ATTGTTCGTC,UDP0174,AATCTAGAGA
IDT-Ilmn RNA UD Indexes SetB Ligation,20040554,NovaSeq,G10,UDP0175,GGACCAGTGG,UDP0175,TAGGCTCGCG
IDT-Ilmn RNA UD Indexes SetB Ligation,20040554,NovaSeq,H10,UDP0176,CCTTCTAACA,UDP0176,AGAGCTTATC
IDT-Ilmn RNA UD Indexes SetB Ligation,20040554,NovaSeq,A11,UDP0177,CTCGAATATA,UDP0177,TCGACATCTC
IDT-Ilmn RNA UD Indexes SetB Ligation,20040554,NovaSeq,B11,UDP0178,GATCGTCGCG,UDP0178,ACATATCCAG
IDT-Ilmn RNA UD Indexes SetB Ligation,20040554,NovaSeq,C11,UDP0179,TATCCGAGGC,UDP0179,CTTATTGGCC
IDT-Ilmn RNA UD Indexes SetB Ligation,20040554,NovaSeq,D11,UDP0180,CGCTGTCTCA,UDP0180,GGTGAGTAAT
IDT-Ilmn RNA UD Indexes SetB Ligation,20040554,NovaSeq,E11,UDP0181,AATGCGAACA,UDP0181,TCCGCCAATT
IDT-Ilmn RNA UD Indexes SetB Ligation,20040554,NovaSeq,F11,UDP0182,AATTCTTGGA,UDP0182,AAGTTGACAA
IDT-Ilmn RNA UD Indexes SetB Ligation,20040554,NovaSeq,G11,UDP0183,TTCCTACAGC,UDP0183,AGAATTCGCC
IDT-Ilmn RNA UD Indexes SetB Ligation,20040554,NovaSeq,H11,UDP0184,ATCCAGGTAT,UDP0184,GCTGACGTTG
IDT-Ilmn RNA UD Indexes SetB Ligation,20040554,NovaSeq,A12,UDP0185,ACGGTCCAAC,UDP0185,TGATGTAAGA
IDT-Ilmn RNA UD Indexes SetB Ligation,20040554,NovaSeq,B12,UDP0186,GTAACTTGGT,UDP0186,AGGTATGGCG
IDT-Ilmn RNA UD Indexes SetB Ligation,20040554,NovaSeq,C12,UDP0187,AGCGCCACAC,UDP0187,AAGACATTAG
IDT-Ilmn RNA UD Indexes SetB Ligation,20040554,NovaSeq,D12,UDP0188,TGCTACTGCC,UDP0188,CCTCCGGTTG
IDT-Ilmn RNA UD Indexes SetB Ligation,20040554,NovaSeq,E12,UDP0189,CAACACCGCA,UDP0189,TGCTACTGCC
IDT-Ilmn RNA UD Indexes SetB Ligation,20040554,NovaSeq,F12,UDP0190,CACCTTAATC,UDP0190,TCTATCCTAA
IDT-Ilmn RNA UD Indexes SetB Ligation,20040554,NovaSeq,G12,UDP0191,TTGAATGTTG,UDP0191,CTAGATTGCG
IDT-Ilmn RNA UD Indexes SetB Ligation,20040554,NovaSeq,H12,UDP0192,CCGGTAACAC,UDP0192,AGTACAACTC
IDT-Ilmn RNA UD Indexes SetC Ligation,20040555,NovaSeq,A01,UDP0193,TCTCATGATA,UDP0193,TCCACGTGTT
IDT-Ilmn RNA UD Indexes SetC Ligation,20040555,NovaSeq,B01,UDP0194,CGAGGCCAAG,UDP0194,CCGGTAACAC
IDT-Ilmn RNA UD Indexes SetC Ligation,20040555,NovaSeq,C01,UDP0195,TTCACGAGAC,UDP0195,GTAACAATCT
IDT-Ilmn RNA UD Indexes SetC Ligation,20040555,NovaSeq,D01,UDP0196,GCGTGGATGG,UDP0196,CATTGGTCAA
IDT-Ilmn RNA UD Indexes SetC Ligation,20040555,NovaSeq,E01,UDP0197,TCCTGGTTGT,UDP0197,TGCCGGTCAG
IDT-Ilmn RNA UD Indexes SetC Ligation,20040555,NovaSeq,F01,UDP0198,TAATTCTGCT,UDP0198,ATTGATGAGA
IDT-Ilmn RNA UD Indexes SetC Ligation,20040555,NovaSeq,G01,UDP0199,CGCACGACTG,UDP0199,CTGTTGGTCC
IDT-Ilmn RNA UD Indexes SetC Ligation,20040555,NovaSeq,H01,UDP0200,GAGGTTAGAC,UDP0200,GCAATACATT
IDT-Ilmn RNA UD Indexes SetC Ligation,20040555,NovaSeq,A02,UDP0201,AACCGAGTTC,UDP0201,TCCAGAGATC
IDT-Ilmn RNA UD Indexes SetC Ligation,20040555,NovaSeq,B02,UDP0202,TGTGATAACT,UDP0202,ATGGCGCCTG
IDT-Ilmn RNA UD Indexes SetC Ligation,20040555,NovaSeq,C02,UDP0203,AGTATGCTAC,UDP0203,GGTCTATTAA
IDT-Ilmn RNA UD Indexes SetC Ligation,20040555,NovaSeq,D02,UDP0204,GTAACTGAAG,UDP0204,TCGCGACTCC
IDT-Ilmn RNA UD Indexes SetC Ligation,20040555,NovaSeq,E02,UDP0205,TCCTCGGACT,UDP0205,CTCTGGCGTT
IDT-Ilmn RNA UD Indexes SetC Ligation,20040555,NovaSeq,F02,UDP0206,CTGGAACTGT,UDP0206,GTTAATTACG
IDT-Ilmn RNA UD Indexes SetC Ligation,20040555,NovaSeq,G02,UDP0207,GAATATGCGG,UDP0207,TCAGTCTCGT
IDT-Ilmn RNA UD Indexes SetC Ligation,20040555,NovaSeq,H02,UDP0208,GATCGGATAA,UDP0208,CGGCCGATAC
IDT-Ilmn RNA UD Indexes SetC Ligation,20040555,NovaSeq,A03,UDP0209,GCTAGACTAT,UDP0209,ATGTCGTATT
IDT-Ilmn RNA UD Indexes SetC Ligation,20040555,NovaSeq,B03,UDP0210,AGCTACTATA,UDP0210,GCCATATAAC
IDT-Ilmn RNA UD Indexes SetC Ligation,20040555,NovaSeq,C03,UDP0211,CCACCGGAGT,UDP0211,CATGGCAGGC
IDT-Ilmn RNA UD Indexes SetC Ligation,20040555,NovaSeq,D03,UDP0212,CTTACCGCAC,UDP0212,ATAGGTCTTA
IDT-Ilmn RNA UD Indexes SetC Ligation,20040555,NovaSeq,E03,UDP0213,TTAGGATATC,UDP0213,CCATGGTATA
IDT-Ilmn RNA UD Indexes SetC Ligation,20040555,NovaSeq,F03,UDP0214,TTATACGCGA,UDP0214,AACAGACGGC
IDT-Ilmn RNA UD Indexes SetC Ligation,20040555,NovaSeq,G03,UDP0215,CGCTTAGAAT,UDP0215,TATCACTCTG
IDT-Ilmn RNA UD Indexes SetC Ligation,20040555,NovaSeq,H03,UDP0216,CCGAAGCGCT,UDP0216,ATAGTTAGCA
IDT-Ilmn RNA UD Indexes SetC Ligation,20040555,NovaSeq,A04,UDP0217,CACTATCAAC,UDP0217,CATTAACTGA
IDT-Ilmn RNA UD Indexes SetC Ligation,20040555,NovaSeq,B04,UDP0218,TTGCTCTATT,UDP0218,TCAAGGTCAC
IDT-Ilmn RNA UD Indexes SetC Ligation,20040555,NovaSeq,C04,UDP0219,TTACAGTTAG,UDP0219,ATATGCATGT
IDT-Ilmn RNA UD Indexes SetC Ligation,20040555,NovaSeq,D04,UDP0220,CTAAGTACGC,UDP0220,TAGGTATGTT
IDT-Ilmn RNA UD Indexes SetC Ligation,20040555,NovaSeq,E04,UDP0221,TAGTTCGGTA,UDP0221,CTACACATGG
IDT-Ilmn RNA UD Indexes SetC Ligation,20040555,NovaSeq,F04,UDP0222,CTATTACTAC,UDP0222,GGAGAGACTC
IDT-Ilmn RNA UD Indexes SetC Ligation,20040555,NovaSeq,G04,UDP0223,TAGCATAACC,UDP0223,TGCGCATAGC
IDT-Ilmn RNA UD Indexes SetC Ligation,20040555,NovaSeq,H04,UDP0224,ACTCTATTGT,UDP0224,CATATGCGAT
IDT-Ilmn RNA UD Indexes SetC Ligation,20040555,NovaSeq,A05,UDP0225,TAGTGGAAGC,UDP0225,TATAGGTACT
IDT-Ilmn RNA UD Indexes SetC Ligation,20040555,NovaSeq,B05,UDP0226,CGCCATATCT,UDP0226,ATCTCCGGTC
IDT-Ilmn RNA UD Indexes SetC Ligation,20040555,NovaSeq,C05,UDP0227,GCTTCATATT,UDP0227,AGGCTGAACG
IDT-Ilmn RNA UD Indexes SetC Ligation,20040555,NovaSeq,D05,UDP0228,ACTAGCGCTA,UDP0228,GAGGAAGTAA
IDT-Ilmn RNA UD Indexes SetC Ligation,20040555,NovaSeq,E05,UDP0229,GCTCTTAACT,UDP0229,GGTGGACGTG
IDT-Ilmn RNA UD Indexes SetC Ligation,20040555,NovaSeq,F05,UDP0230,GTGGTATCTG,UDP0230,AGATAGTAGC
IDT-Ilmn RNA UD Indexes SetC Ligation,20040555,NovaSeq,G05,UDP0231,TGACGGCCGT,UDP0231,ATGGTTGACT
IDT-Ilmn RNA UD Indexes SetC Ligation,20040555,NovaSeq,H05,UDP0232,CAGTAATTAC,UDP0232,TACCGCCTCG
IDT-Ilmn RNA UD Indexes SetC Ligation,20040555,NovaSeq,A06,UDP0233,TACAAGACTT,UDP0233,TGAACACCTG
IDT-Ilmn RNA UD Indexes SetC Ligation,20040555,NovaSeq,B06,UDP0234,CTGTGGTGAC,UDP0234,CCTGTCTGTC
IDT-Ilmn RNA UD Indexes SetC Ligation,20040555,NovaSeq,C06,UDP0235,CTCCACTAAT,UDP0235,AACAAGTACA
IDT-Ilmn RNA UD Indexes SetC Ligation,20040555,NovaSeq,D06,UDP0236,ATAGTTAGCA,UDP0236,CTACTTAGAG
IDT-Ilmn RNA UD Indexes SetC Ligation,20040555,NovaSeq,E06,UDP0237,ATAGGTCTTA,UDP0237,CTGTGGTGAC
IDT-Ilmn RNA UD Indexes SetC Ligation,20040555,NovaSeq,F06,UDP0238,TTCTTAACCA,UDP0238,GGTATGTAGA
IDT-Ilmn RNA UD Indexes SetC Ligation,20040555,NovaSeq,G06,UDP0239,AAGGAAGAGT,UDP0239,GCCTAACGTG
IDT-Ilmn RNA UD Indexes SetC Ligation,20040555,NovaSeq,H06,UDP0240,GGAAGGAGAC,UDP0240,AGACTCACCA
IDT-Ilmn RNA UD Indexes SetC Ligation,20040555,NovaSeq,A07,UDP0241,TGAACGCGGA,UDP0241,TCCTTCGAAG
IDT-Ilmn RNA UD Indexes SetC Ligation,20040555,NovaSeq,B07,UDP0242,CCTGCAACCT,UDP0242,CTGACTCTAC
IDT-Ilmn RNA UD Indexes SetC Ligation,20040555,NovaSeq,C07,UDP0243,TTCATGGTTC,UDP0243,TGACAATGTC
IDT-Ilmn RNA UD Indexes SetC Ligation,20040555,NovaSeq,D07,UDP0244,ATCCTCTCAA,UDP0244,GCCTTGCGGA
IDT-Ilmn RNA UD Indexes SetC Ligation,20040555,NovaSeq,E07,UDP0245,CACTAGACCA,UDP0245,ATAAGGCAGT
IDT-Ilmn RNA UD Indexes SetC Ligation,20040555,NovaSeq,F07,UDP0246,ATTATCCACT,UDP0246,TACGTGCGTA
IDT-Ilmn RNA UD Indexes SetC Ligation,20040555,NovaSeq,G07,UDP0247,ATGGCGTGCC,UDP0247,ACTTCAAGCG
IDT-Ilmn RNA UD Indexes SetC Ligation,20040555,NovaSeq,H07,UDP0248,TCCAGAGATC,UDP0248,TGAAGTGCAG
IDT-Ilmn RNA UD Indexes SetC Ligation,20040555,NovaSeq,A08,UDP0249,ATGTCCAGCA,UDP0249,TTGTCCGCTG
IDT-Ilmn RNA UD Indexes SetC Ligation,20040555,NovaSeq,B08,UDP0250,CAACGTTCGG,UDP0250,ATGCGGATCC
IDT-Ilmn RNA UD Indexes SetC Ligation,20040555,NovaSeq,C08,UDP0251,GCGTATTAAT,UDP0251,CAACACCGCA
IDT-Ilmn RNA UD Indexes SetC Ligation,20040555,NovaSeq,D08,UDP0252,GTTGTGACTA,UDP0252,TCCGTTATGT
IDT-Ilmn RNA UD Indexes SetC Ligation,20040555,NovaSeq,E08,UDP0253,TCTCAATACC,UDP0253,CGCGAACGTC
IDT-Ilmn RNA UD Indexes SetC Ligation,20040555,NovaSeq,F08,UDP0254,AAGCATCTTG,UDP0254,TTGTTGAATG
IDT-Ilmn RNA UD Indexes SetC Ligation,20040555,NovaSeq,G08,UDP0255,TCAGTCTCGT,UDP0255,ATAATCCGTG
IDT-Ilmn RNA UD Indexes SetC Ligation,20040555,NovaSeq,H08,UDP0256,TGCAAGATAA,UDP0256,CCGTCCTCAA
IDT-Ilmn RNA UD Indexes SetC Ligation,20040555,NovaSeq,A09,UDP0257,GTAACAATCT,UDP0257,GTATACAGAG
IDT-Ilmn RNA UD Indexes SetC Ligation,20040555,NovaSeq,B09,UDP0258,CAGCGGTAGA,UDP0258,CACCTGTTGC
IDT-Ilmn RNA UD Indexes SetC Ligation,20040555,NovaSeq,C09,UDP0259,TCATACCGTT,UDP0259,CTGCGTTACC
IDT-Ilmn RNA UD Indexes SetC Ligation,20040555,NovaSeq,D09,UDP0260,GGCGCCATTG,UDP0260,ATTGCGCGGT
IDT-Ilmn RNA UD Indexes SetC Ligation,20040555,NovaSeq,E09,UDP0261,AGCGAATTAG,UDP0261,TGTTCCGGCT
IDT-Ilmn RNA UD Indexes SetC Ligation,20040555,NovaSeq,F09,UDP0262,TTAGACCATG,UDP0262,CTTCCTAGGA
IDT-Ilmn RNA UD Indexes SetC Ligation,20040555,NovaSeq,G09,UDP0263,CACACAGTAT,UDP0263,TTAGGCTCAA
IDT-Ilmn RNA UD Indexes SetC Ligation,20040555,NovaSeq,H09,UDP0264,TCTTGTCGGC,UDP0264,ACACAGGTGG
IDT-Ilmn RNA UD Indexes SetC Ligation,20040555,NovaSeq,A10,UDP0265,TACCGCCTCG,UDP0265,GGTTGCGAGG
IDT-Ilmn RNA UD Indexes SetC Ligation,20040555,NovaSeq,B10,UDP0266,CTGTTATATC,UDP0266,ACAGCTATAC
IDT-Ilmn RNA UD Indexes SetC Ligation,20040555,NovaSeq,C10,UDP0267,TAACCGGCGA,UDP0267,CTAATGTAGC
IDT-Ilmn RNA UD Indexes SetC Ligation,20040555,NovaSeq,D10,UDP0268,AAGAGAGTCT,UDP0268,AAGATTCGTA
IDT-Ilmn RNA UD Indexes SetC Ligation,20040555,NovaSeq,E10,UDP0269,GTAGGCGAGC,UDP0269,TGCGCTCCTA
IDT-Ilmn RNA UD Indexes SetC Ligation,20040555,NovaSeq,F10,UDP0270,AACTTATCCT,UDP0270,ACGCCAGTAC
IDT-Ilmn RNA UD Indexes SetC Ligation,20040555,NovaSeq,G10,UDP0271,ATTATGTCTC,UDP0271,GCTCTTAACT
IDT-Ilmn RNA UD Indexes SetC Ligation,20040555,NovaSeq,H10,UDP0272,TATAACAGCT,UDP0272,TTATACGCGA
IDT-Ilmn RNA UD Indexes SetC Ligation,20040555,NovaSeq,A11,UDP0273,CCAATGATAC,UDP0273,CGGCACACTC
IDT-Ilmn RNA UD Indexes SetC Ligation,20040555,NovaSeq,B11,UDP0274,GAGGCCTATT,UDP0274,TCCGGACTAG
IDT-Ilmn RNA UD Indexes SetC Ligation,20040555,NovaSeq,C11,UDP0275,AGCTAAGCGG,UDP0275,GCGTATTAAT
IDT-Ilmn RNA UD Indexes SetC Ligation,20040555,NovaSeq,D11,UDP0276,CTTCCTAGGA,UDP0276,ATACTCTAGG
IDT-Ilmn RNA UD Indexes SetC Ligation,20040555,NovaSeq,E11,UDP0277,CGATCTGTGA,UDP0277,AGTCTTCCTA
IDT-Ilmn RNA UD Indexes SetC Ligation,20040555,NovaSeq,F11,UDP0278,GTGGACAAGT,UDP0278,AAGGCCACGG
IDT-Ilmn RNA UD Indexes SetC Ligation,20040555,NovaSeq,G11,UDP0279,AACAAGTACA,UDP0279,GGATATATCC
IDT-Ilmn RNA UD Indexes SetC Ligation,20040555,NovaSeq,H11,UDP0280,AGATTAAGTG,UDP0280,CCAAGAGGTG
IDT-Ilmn RNA UD Indexes SetC Ligation,20040555,NovaSeq,A12,UDP0281,TATCACTCTG,UDP0281,ATGTAACGTT
IDT-Ilmn RNA UD Indexes SetC Ligation,20040555,NovaSeq,B12,UDP0282,AGAATTCGCC,UDP0282,GAGCTTGCCG
IDT-Ilmn RNA UD Indexes SetC Ligation,20040555,NovaSeq,C12,UDP0283,CCTGACCACT,UDP0283,ATAGCCAAGA
IDT-Ilmn RNA UD Indexes SetC Ligation,20040555,NovaSeq,D12,UDP0284,AGCTGGAATG,UDP0284,CGCATTCCGT
IDT-Ilmn RNA UD Indexes SetC Ligation,20040555,NovaSeq,E12,UDP0285,TGATAACGAG,UDP0285,CCTGCGGAAC
IDT-Ilmn RNA UD Indexes SetC Ligation,20040555,NovaSeq,F12,UDP0286,CATAGTAAGG,UDP0286,GTAACTTGGT
IDT-Ilmn RNA UD Indexes SetC Ligation,20040555,NovaSeq,G12,UDP0287,ATTGGCTTCT,UDP0287,CTGCGAGCCA
IDT-Ilmn RNA UD Indexes SetC Ligation,20040555,NovaSeq,H12,UDP0288,GTACCGATTA,UDP0288,AACGTTAGTT
IDT-ILMN TruSeq RNA UD Indexes (96 Indexes),20023785,NovaSeq,A01,UDI0001,CCGCGGTT,UDI0001,CTAGCGCT
IDT-ILMN TruSeq RNA UD Indexes (96 Indexes),20023785,NovaSeq,B01,UDI0002,TTATAACC,UDI0002,TCGATATC
IDT-ILMN TruSeq RNA UD Indexes (96 Indexes),20023785,NovaSeq,C01,UDI0003,GGACTTGG,UDI0003,CGTCTGCG
IDT-ILMN TruSeq RNA UD Indexes (96 Indexes),20023785,NovaSeq,D01,UDI0004,AAGTCCAA,UDI0004,TACTCATA
IDT-ILMN TruSeq RNA UD Indexes (96 Indexes),20023785,NovaSeq,E01,UDI0005,ATCCACTG,UDI0005,ACGCACCT
IDT-ILMN TruSeq RNA UD Indexes (96 Indexes),20023785,NovaSeq,F01,UDI0006,GCTTGTCA,UDI0006,GTATGTTC
IDT-ILMN TruSeq RNA UD Indexes (96 Indexes),20023785,NovaSeq,G01,UDI0007,CAAGCTAG,UDI0007,CGCTATGT
IDT-ILMN TruSeq RNA UD Indexes (96 Indexes),20023785,NovaSeq,H01,UDI0008,TGGATCGA,UDI0008,TATCGCAC
IDT-ILMN TruSeq RNA UD Indexes (96 Indexes),20023785,NovaSeq,A02,UDI0009,AGTTCAGG,UDI0009,TCTGTTGG
IDT-ILMN TruSeq RNA UD Indexes (96 Indexes),20023785,NovaSeq,B02,UDI0010,GACCTGAA,UDI0010,CTCACCAA
IDT-ILMN TruSeq RNA UD Indexes (96 Indexes),20023785,NovaSeq,C02,UDI0011,TCTCTACT,UDI0011,GAACCGCG
IDT-ILMN TruSeq RNA UD Indexes (96 Indexes),20023785,NovaSeq,D02,UDI0012,CTCTCGTC,UDI0012,AGGTTATA
IDT-ILMN TruSeq RNA UD Indexes (96 Indexes),20023785,NovaSeq,E02,UDI0013,CCAAGTCT,UDI0013,TCATCCTT
IDT-ILMN TruSeq RNA UD Indexes (96 Indexes),20023785,NovaSeq,F02,UDI0014,TTGGACTC,UDI0014,CTGCTTCC
IDT-ILMN TruSeq RNA UD Indexes (96 Indexes),20023785,NovaSeq,G02,UDI0015,GGCTTAAG,UDI0015,GGTCACGA
IDT-ILMN TruSeq RNA UD Indexes (96 Indexes),20023785,NovaSeq,H02,UDI0016,AATCCGGA,UDI0016,AACTGTAG
IDT-ILMN TruSeq RNA UD Indexes (96 Indexes),20023785,NovaSeq,A03,UDI0017,TAATACAG,UDI0017,GTGAATAT
IDT-ILMN TruSeq RNA UD Indexes (96 Indexes),20023785,NovaSeq,B03,UDI0018,CGGCGTGA,UDI0018,ACAGGCGC
IDT-ILMN TruSeq RNA UD Indexes (96 Indexes),20023785,NovaSeq,C03,UDI0019,ATGTAAGT,UDI0019,CATAGAGT
IDT-ILMN TruSeq RNA UD Indexes (96 Indexes),20023785,NovaSeq,D03,UDI0020,GCACGGAC,UDI0020,TGCGAGAC
IDT-ILMN TruSeq RNA UD Indexes (96 Indexes),20023785,NovaSeq,E03,UDI0021,GGTACCTT,UDI0021,GACGTCTT
IDT-ILMN TruSeq RNA UD Indexes (96 Indexes),20023785,NovaSeq,F03,UDI0022,AACGTTCC,UDI0022,AGTACTCC
IDT-ILMN TruSeq RNA UD Indexes (96 Indexes),20023785,NovaSeq,G03,UDI0023,GCAGAATT,UDI0023,TGGCCGGT
IDT-ILMN TruSeq RNA UD Indexes (96 Indexes),20023785,NovaSeq,H03,UDI0024,ATGAGGCC,UDI0024,CAATTAAC
IDT-ILMN TruSeq RNA UD Indexes (96 Indexes),20023785,NovaSeq,A04,UDI0025,ACTAAGAT,UDI0025,CCGCGGTT
IDT-ILMN TruSeq RNA UD Indexes (96 Indexes),20023785,NovaSeq,B04,UDI0026,GTCGGAGC,UDI0026,TTATAACC
IDT-ILMN TruSeq RNA UD Indexes (96 Indexes),20023785,NovaSeq,C04,UDI0027,CTTGGTAT,UDI0027,GGACTTGG
IDT-ILMN TruSeq RNA UD Indexes (96 Indexes),20023785,NovaSeq,D04,UDI0028,TCCAACGC,UDI0028,AAGTCCAA
IDT-ILMN TruSeq RNA UD Indexes (96 Indexes),20023785,NovaSeq,E04,UDI0029,CCGTGAAG,UDI0029,ATCCACTG
IDT-ILMN TruSeq RNA UD Indexes (96 Indexes),20023785,NovaSeq,F04,UDI0030,TTACAGGA,UDI0030,GCTTGTCA
IDT-ILMN TruSeq RNA UD Indexes (96 Indexes),20023785,NovaSeq,G04,UDI0031,GGCATTCT,UDI0031,CAAGCTAG
IDT-ILMN TruSeq RNA UD Indexes (96 Indexes),20023785,NovaSeq,H04,UDI0032,AATGCCTC,UDI0032,TGGATCGA
IDT-ILMN TruSeq RNA UD Indexes (96 Indexes),20023785,NovaSeq,A05,UDI0033,TACCGAGG,UDI0033,AGTTCAGG
IDT-ILMN TruSeq RNA UD Indexes (96 Indexes),20023785,NovaSeq,B05,UDI0034,CGTTAGAA,UDI0034,GACCTGAA
IDT-ILMN TruSeq RNA UD Indexes (96 Indexes),20023785,NovaSeq,C05,UDI0035,AGCCTCAT,UDI0035,TCTCTACT
IDT-ILMN TruSeq RNA UD Indexes (96 Indexes),20023785,NovaSeq,D05,UDI0036,GATTCTGC,UDI0036,CTCTCGTC
IDT-ILMN TruSeq RNA UD Indexes (96 Indexes),20023785,NovaSeq,E05,UDI0037,TCGTAGTG,UDI0037,CCAAGTCT
IDT-ILMN TruSeq RNA UD Indexes (96 Indexes),20023785,NovaSeq,F05,UDI0038,CTACGACA,UDI0038,TTGGACTC
IDT-ILMN TruSeq RNA UD Indexes (96 Indexes),20023785,NovaSeq,G05,UDI0039,TAAGTGGT,UDI0039,GGCTTAAG
IDT-ILMN TruSeq RNA UD Indexes (96 Indexes),20023785,NovaSeq,H05,UDI0040,CGGACAAC,UDI0040,AATCCGGA
IDT-ILMN TruSeq RNA UD Indexes (96 Indexes),20023785,NovaSeq,A06,UDI0041,ATATGGAT,UDI0041,TAATACAG
IDT-ILMN TruSeq RNA UD Indexes (96 Indexes),20023785,NovaSeq,B06,UDI0042,GCGCAAGC,UDI0042,CGGCGTGA
IDT-ILMN TruSeq RNA UD Indexes (96 Indexes),20023785,NovaSeq,C06,UDI0043,AAGATACT,UDI0043,ATGTAAGT
IDT-ILMN TruSeq RNA UD Indexes (96 Indexes),20023785,NovaSeq,D06,UDI0044,GGAGCGTC,UDI0044,GCACGGAC
IDT-ILMN TruSeq RNA UD Indexes (96 Indexes),20023785,NovaSeq,E06,UDI0045,ATGGCATG,UDI0045,GGTACCTT
IDT-ILMN TruSeq RNA UD Indexes (96 Indexes),20023785,NovaSeq,F06,UDI0046,GCAATGCA,UDI0046,AACGTTCC
IDT-ILMN TruSeq RNA UD Indexes (96 Indexes),20023785,NovaSeq,G06,UDI0047,GTTCCAAT,UDI0047,GCAGAATT
IDT-ILMN TruSeq RNA UD Indexes (96 Indexes),20023785,NovaSeq,H06,UDI0048,ACCTTGGC,UDI0048,ATGAGGCC
IDT-ILMN TruSeq RNA UD Indexes (96 Indexes),20023785,NovaSeq,A07,UDI0049,ATATCTCG,UDI0049,ACTAAGAT
IDT-ILMN TruSeq RNA UD Indexes (96 Indexes),20023785,NovaSeq,B07,UDI0050,GCGCTCTA,UDI0050,GTCGGAGC
IDT-ILMN TruSeq RNA UD Indexes (96 Indexes),20023785,NovaSeq,C07,UDI0051,AACAGGTT,UDI0051,CTTGGTAT
IDT-ILMN TruSeq RNA UD Indexes (96 Indexes),20023785,NovaSeq,D07,UDI0052,GGTGAACC,UDI0052,TCCAACGC
IDT-ILMN TruSeq RNA UD Indexes (96 Indexes),20023785,NovaSeq,E07,UDI0053,CAACAATG,UDI0053,CCGTGAAG
IDT-ILMN TruSeq RNA UD Indexes (96 Indexes),20023785,NovaSeq,F07,UDI0054,TGGTGGCA,UDI0054,TTACAGGA
IDT-ILMN TruSeq RNA UD Indexes (96 Indexes),20023785,NovaSeq,G07,UDI0055,AGGCAGAG,UDI0055,GGCATTCT
IDT-ILMN TruSeq RNA UD Indexes (96 Indexes),20023785,NovaSeq,H07,UDI0056,GAATGAGA,UDI0056,AATGCCTC
IDT-ILMN TruSeq RNA UD Indexes (96 Indexes),20023785,NovaSeq,A08,UDI0057,TGCGGCGT,UDI0057,TACCGAGG
IDT-ILMN TruSeq RNA UD Indexes (96 Indexes),20023785,NovaSeq,B08,UDI0058,CATAATAC,UDI0058,CGTTAGAA
IDT-ILMN TruSeq RNA UD Indexes (96 Indexes),20023785,NovaSeq,C08,UDI0059,GATCTATC,UDI0059,AGCCTCAT
IDT-ILMN TruSeq RNA UD Indexes (96 Indexes),20023785,NovaSeq,D08,UDI0060,AGCTCGCT,UDI0060,GATTCTGC
IDT-ILMN TruSeq RNA UD Indexes (96 Indexes),20023785,NovaSeq,E08,UDI0061,CGGAACTG,UDI0061,TCGTAGTG
IDT-ILMN TruSeq RNA UD Indexes (96 Indexes),20023785,NovaSeq,F08,UDI0062,TAAGGTCA,UDI0062,CTACGACA
IDT-ILMN TruSeq RNA UD Indexes (96 Indexes),20023785,NovaSeq,G08,UDI0063,TTGCCTAG,UDI0063,TAAGTGGT
IDT-ILMN TruSeq RNA UD Indexes (96 Indexes),20023785,NovaSeq,H08,UDI0064,CCATTCGA,UDI0064,CGGACAAC
IDT-ILMN TruSeq RNA UD Indexes (96 Indexes),20023785,NovaSeq,A09,UDI0065,ACACTAAG,UDI0065,ATATGGAT
IDT-ILMN TruSeq RNA UD Indexes (96 Indexes),20023785,NovaSeq,B09,UDI0066,GTGTCGGA,UDI0066,GCGCAAGC
IDT-ILMN TruSeq RNA UD Indexes (96 Indexes),20023785,NovaSeq,C09,UDI0067,TTCCTGTT,UDI0067,AAGATACT
IDT-ILMN TruSeq RNA UD Indexes (96 Indexes),20023785,NovaSeq,D09,UDI0068,CCTTCACC,UDI0068,GGAGCGTC
IDT-ILMN TruSeq RNA UD Indexes (96 Indexes),20023785,NovaSeq,E09,UDI0069,GCCACAGG,UDI0069,ATGGCATG
IDT-ILMN TruSeq RNA UD Indexes (96 Indexes),20023785,NovaSeq,F09,UDI0070,ATTGTGAA,UDI0070,GCAATGCA
IDT-ILMN TruSeq RNA UD Indexes (96 Indexes),20023785,NovaSeq,G09,UDI0071,ACTCGTGT,UDI0071,GTTCCAAT
IDT-ILMN TruSeq RNA UD Indexes (96 Indexes),20023785,NovaSeq,H09,UDI0072,GTCTACAC,UDI0072,ACCTTGGC
IDT-ILMN TruSeq RNA UD Indexes (96 Indexes),20023785,NovaSeq,A10,UDI0073,CAATTAAC,UDI0073,ATATCTCG
IDT-ILMN TruSeq RNA UD Indexes (96 Indexes),20023785,NovaSeq,B10,UDI0074,TGGCCGGT,UDI0074,GCGCTCTA
IDT-ILMN TruSeq RNA UD Indexes (96 Indexes),20023785,NovaSeq,C10,UDI0075,AGTACTCC,UDI0075,AACAGGTT
IDT-ILMN TruSeq RNA UD Indexes (96 Indexes),20023785,NovaSeq,D10,UDI0076,GACGTCTT,UDI0076,GGTGAACC
IDT-ILMN TruSeq RNA UD Indexes (96 Indexes),20023785,NovaSeq,E10,UDI0077,TGCGAGAC,UDI0077,CAACAATG
IDT-ILMN TruSeq RNA UD Indexes (96 Indexes),20023785,NovaSeq,F10,UDI0078,CATAGAGT,UDI0078,TGGTGGCA
IDT-ILMN TruSeq RNA UD Indexes (96 Indexes),20023785,NovaSeq,G10,UDI0079,ACAGGCGC,UDI0079,AGGCAGAG
IDT-ILMN TruSeq RNA UD Indexes (96 Indexes),20023785,NovaSeq,H10,UDI0080,GTGAATAT,UDI0080,GAATGAGA
IDT-ILMN TruSeq RNA UD Indexes (96 Indexes),20023785,NovaSeq,A11,UDI0081,AACTGTAG,UDI0081,TGCGGCGT
IDT-ILMN TruSeq RNA UD Indexes (96 Indexes),20023785,NovaSeq,B11,UDI0082,GGTCACGA,UDI0082,CATAATAC
IDT-ILMN TruSeq RNA UD Indexes (96 Indexes),20023785,NovaSeq,C11,UDI0083,CTGCTTCC,UDI0083,GATCTATC
IDT-ILMN TruSeq RNA UD Indexes (96 Indexes),20023785,NovaSeq,D11,UDI0084,TCATCCTT,UDI0084,AGCTCGCT
IDT-ILMN TruSeq RNA UD Indexes (96 Indexes),20023785,NovaSeq,E11,UDI0085,AGGTTATA,UDI0085,CGGAACTG
IDT-ILMN TruSeq RNA UD Indexes (96 Indexes),20023785,NovaSeq,F11,UDI0086,GAACCGCG,UDI0086,TAAGGTCA
IDT-ILMN TruSeq RNA UD Indexes (96 Indexes),20023785,NovaSeq,G11,UDI0087,CTCACCAA,UDI0087,TTGCCTAG
IDT-ILMN TruSeq RNA UD Indexes (96 Indexes),20023785,NovaSeq,H11,UDI0088,TCTGTTGG,UDI0088,CCATTCGA
IDT-ILMN TruSeq RNA UD Indexes (96 Indexes),20023785,NovaSeq,A12,UDI0089,TATCGCAC,UDI0089,ACACTAAG
IDT-ILMN TruSeq RNA UD Indexes (96 Indexes),20023785,NovaSeq,B12,UDI0090,CGCTATGT,UDI0090,GTGTCGGA
IDT-ILMN TruSeq RNA UD Indexes (96 Indexes),20023785,NovaSeq,C12,UDI0091,GTATGTTC,UDI0091,TTCCTGTT
IDT-ILMN TruSeq RNA UD Indexes (96 Indexes),20023785,NovaSeq,D12,UDI0092,ACGCACCT,UDI0092,CCTTCACC
IDT-ILMN TruSeq RNA UD Indexes (96 Indexes),20023785,NovaSeq,E12,UDI0093,TACTCATA,UDI0093,GCCACAGG
IDT-ILMN TruSeq RNA UD Indexes (96 Indexes),20023785,NovaSeq,F12,UDI0094,CGTCTGCG,UDI0094,ATTGTGAA
IDT-ILMN TruSeq RNA UD Indexes (96 Indexes),20023785,NovaSeq,G12,UDI0095,TCGATATC,UDI0095,ACTCGTGT
IDT-ILMN TruSeq RNA UD Indexes (96 Indexes),20023785,NovaSeq,H12,UDI0096,CTAGCGCT,UDI0096,GTCTACAC
IDT-ILMN TruSeq RNA UD Indexes (96 Indexes),20023785,NovaSeq1.0,A01,UDI0001,CCGCGGTT,UDI0001,AGCGCTAG
IDT-ILMN TruSeq RNA UD Indexes (96 Indexes),20023785,NovaSeq1.0,B01,UDI0002,TTATAACC,UDI0002,GATATCGA
IDT-ILMN TruSeq RNA UD Indexes (96 Indexes),20023785,NovaSeq1.0,C01,UDI0003,GGACTTGG,UDI0003,CGCAGACG
IDT-ILMN TruSeq RNA UD Indexes (96 Indexes),20023785,NovaSeq1.0,D01,UDI0004,AAGTCCAA,UDI0004,TATGAGTA
IDT-ILMN TruSeq RNA UD Indexes (96 Indexes),20023785,NovaSeq1.0,E01,UDI0005,ATCCACTG,UDI0005,AGGTGCGT
IDT-ILMN TruSeq RNA UD Indexes (96 Indexes),20023785,NovaSeq1.0,F01,UDI0006,GCTTGTCA,UDI0006,GAACATAC
IDT-ILMN TruSeq RNA UD Indexes (96 Indexes),20023785,NovaSeq1.0,G01,UDI0007,CAAGCTAG,UDI0007,ACATAGCG
IDT-ILMN TruSeq RNA UD Indexes (96 Indexes),20023785,NovaSeq1.0,H01,UDI0008,TGGATCGA,UDI0008,GTGCGATA
IDT-ILMN TruSeq RNA UD Indexes (96 Indexes),20023785,NovaSeq1.0,A02,UDI0009,AGTTCAGG,UDI0009,CCAACAGA
IDT-ILMN TruSeq RNA UD Indexes (96 Indexes),20023785,NovaSeq1.0,B02,UDI0010,GACCTGAA,UDI0010,TTGGTGAG
IDT-ILMN TruSeq RNA UD Indexes (96 Indexes),20023785,NovaSeq1.0,C02,UDI0011,TCTCTACT,UDI0011,CGCGGTTC
IDT-ILMN TruSeq RNA UD Indexes (96 Indexes),20023785,NovaSeq1.0,D02,UDI0012,CTCTCGTC,UDI0012,TATAACCT
IDT-ILMN TruSeq RNA UD Indexes (96 Indexes),20023785,NovaSeq1.0,E02,UDI0013,CCAAGTCT,UDI0013,AAGGATGA
IDT-ILMN TruSeq RNA UD Indexes (96 Indexes),20023785,NovaSeq1.0,F02,UDI0014,TTGGACTC,UDI0014,GGAAGCAG
IDT-ILMN TruSeq RNA UD Indexes (96 Indexes),20023785,NovaSeq1.0,G02,UDI0015,GGCTTAAG,UDI0015,TCGTGACC
IDT-ILMN TruSeq RNA UD Indexes (96 Indexes),20023785,NovaSeq1.0,H02,UDI0016,AATCCGGA,UDI0016,CTACAGTT
IDT-ILMN TruSeq RNA UD Indexes (96 Indexes),20023785,NovaSeq1.0,A03,UDI0017,TAATACAG,UDI0017,ATATTCAC
IDT-ILMN TruSeq RNA UD Indexes (96 Indexes),20023785,NovaSeq1.0,B03,UDI0018,CGGCGTGA,UDI0018,GCGCCTGT
IDT-ILMN TruSeq RNA UD Indexes (96 Indexes),20023785,NovaSeq1.0,C03,UDI0019,ATGTAAGT,UDI0019,ACTCTATG
IDT-ILMN TruSeq RNA UD Indexes (96 Indexes),20023785,NovaSeq1.0,D03,UDI0020,GCACGGAC,UDI0020,GTCTCGCA
IDT-ILMN TruSeq RNA UD Indexes (96 Indexes),20023785,NovaSeq1.0,E03,UDI0021,GGTACCTT,UDI0021,AAGACGTC
IDT-ILMN TruSeq RNA UD Indexes (96 Indexes),20023785,NovaSeq1.0,F03,UDI0022,AACGTTCC,UDI0022,GGAGTACT
IDT-ILMN TruSeq RNA UD Indexes (96 Indexes),20023785,NovaSeq1.0,G03,UDI0023,GCAGAATT,UDI0023,ACCGGCCA
IDT-ILMN TruSeq RNA UD Indexes (96 Indexes),20023785,NovaSeq1.0,H03,UDI0024,ATGAGGCC,UDI0024,GTTAATTG
IDT-ILMN TruSeq RNA UD Indexes (96 Indexes),20023785,NovaSeq1.0,A04,UDI0025,ACTAAGAT,UDI0025,AACCGCGG
IDT-ILMN TruSeq RNA UD Indexes (96 Indexes),20023785,NovaSeq1.0,B04,UDI0026,GTCGGAGC,UDI0026,GGTTATAA
IDT-ILMN TruSeq RNA UD Indexes (96 Indexes),20023785,NovaSeq1.0,C04,UDI0027,CTTGGTAT,UDI0027,CCAAGTCC
IDT-ILMN TruSeq RNA UD Indexes (96 Indexes),20023785,NovaSeq1.0,D04,UDI0028,TCCAACGC,UDI0028,TTGGACTT
IDT-ILMN TruSeq RNA UD Indexes (96 Indexes),20023785,NovaSeq1.0,E04,UDI0029,CCGTGAAG,UDI0029,CAGTGGAT
IDT-ILMN TruSeq RNA UD Indexes (96 Indexes),20023785,NovaSeq1.0,F04,UDI0030,TTACAGGA,UDI0030,TGACAAGC
IDT-ILMN TruSeq RNA UD Indexes (96 Indexes),20023785,NovaSeq1.0,G04,UDI0031,GGCATTCT,UDI0031,CTAGCTTG
IDT-ILMN TruSeq RNA UD Indexes (96 Indexes),20023785,NovaSeq1.0,H04,UDI0032,AATGCCTC,UDI0032,TCGATCCA
IDT-ILMN TruSeq RNA UD Indexes (96 Indexes),20023785,NovaSeq1.0,A05,UDI0033,TACCGAGG,UDI0033,CCTGAACT
IDT-ILMN TruSeq RNA UD Indexes (96 Indexes),20023785,NovaSeq1.0,B05,UDI0034,CGTTAGAA,UDI0034,TTCAGGTC
IDT-ILMN TruSeq RNA UD Indexes (96 Indexes),20023785,NovaSeq1.0,C05,UDI0035,AGCCTCAT,UDI0035,AGTAGAGA
IDT-ILMN TruSeq RNA UD Indexes (96 Indexes),20023785,NovaSeq1.0,D05,UDI0036,GATTCTGC,UDI0036,GACGAGAG
IDT-ILMN TruSeq RNA UD Indexes (96 Indexes),20023785,NovaSeq1.0,E05,UDI0037,TCGTAGTG,UDI0037,AGACTTGG
IDT-ILMN TruSeq RNA UD Indexes (96 Indexes),20023785,NovaSeq1.0,F05,UDI0038,CTACGACA,UDI0038,GAGTCCAA
IDT-ILMN TruSeq RNA UD Indexes (96 Indexes),20023785,NovaSeq1.0,G05,UDI0039,TAAGTGGT,UDI0039,CTTAAGCC
IDT-ILMN TruSeq RNA UD Indexes (96 Indexes),20023785,NovaSeq1.0,H05,UDI0040,CGGACAAC,UDI0040,TCCGGATT
IDT-ILMN TruSeq RNA UD Indexes (96 Indexes),20023785,NovaSeq1.0,A06,UDI0041,ATATGGAT,UDI0041,CTGTATTA
IDT-ILMN TruSeq RNA UD Indexes (96 Indexes),20023785,NovaSeq1.0,B06,UDI0042,GCGCAAGC,UDI0042,TCACGCCG
IDT-ILMN TruSeq RNA UD Indexes (96 Indexes),20023785,NovaSeq1.0,C06,UDI0043,AAGATACT,UDI0043,ACTTACAT
IDT-ILMN TruSeq RNA UD Indexes (96 Indexes),20023785,NovaSeq1.0,D06,UDI0044,GGAGCGTC,UDI0044,GTCCGTGC
IDT-ILMN TruSeq RNA UD Indexes (96 Indexes),20023785,NovaSeq1.0,E06,UDI0045,ATGGCATG,UDI0045,AAGGTACC
IDT-ILMN TruSeq RNA UD Indexes (96 Indexes),20023785,NovaSeq1.0,F06,UDI0046,GCAATGCA,UDI0046,GGAACGTT
IDT-ILMN TruSeq RNA UD Indexes (96 Indexes),20023785,NovaSeq1.0,G06,UDI0047,GTTCCAAT,UDI0047,AATTCTGC
IDT-ILMN TruSeq RNA UD Indexes (96 Indexes),20023785,NovaSeq1.0,H06,UDI0048,ACCTTGGC,UDI0048,GGCCTCAT
IDT-ILMN TruSeq RNA UD Indexes (96 Indexes),20023785,NovaSeq1.0,A07,UDI0049,ATATCTCG,UDI0049,ATCTTAGT
IDT-ILMN TruSeq RNA UD Indexes (96 Indexes),20023785,NovaSeq1.0,B07,UDI0050,GCGCTCTA,UDI0050,GCTCCGAC
IDT-ILMN TruSeq RNA UD Indexes (96 Indexes),20023785,NovaSeq1.0,C07,UDI0051,AACAGGTT,UDI0051,ATACCAAG
IDT-ILMN TruSeq RNA UD Indexes (96 Indexes),20023785,NovaSeq1.0,D07,UDI0052,GGTGAACC,UDI0052,GCGTTGGA
IDT-ILMN TruSeq RNA UD Indexes (96 Indexes),20023785,NovaSeq1.0,E07,UDI0053,CAACAATG,UDI0053,CTTCACGG
IDT-ILMN TruSeq RNA UD Indexes (96 Indexes),20023785,NovaSeq1.0,F07,UDI0054,TGGTGGCA,UDI0054,TCCTGTAA
IDT-ILMN TruSeq RNA UD Indexes (96 Indexes),20023785,NovaSeq1.0,G07,UDI0055,AGGCAGAG,UDI0055,AGAATGCC
IDT-ILMN TruSeq RNA UD Indexes (96 Indexes),20023785,NovaSeq1.0,H07,UDI0056,GAATGAGA,UDI0056,GAGGCATT
IDT-ILMN TruSeq RNA UD Indexes (96 Indexes),20023785,NovaSeq1.0,A08,UDI0057,TGCGGCGT,UDI0057,CCTCGGTA
IDT-ILMN TruSeq RNA UD Indexes (96 Indexes),20023785,NovaSeq1.0,B08,UDI0058,CATAATAC,UDI0058,TTCTAACG
IDT-ILMN TruSeq RNA UD Indexes (96 Indexes),20023785,NovaSeq1.0,C08,UDI0059,GATCTATC,UDI0059,ATGAGGCT
IDT-ILMN TruSeq RNA UD Indexes (96 Indexes),20023785,NovaSeq1.0,D08,UDI0060,AGCTCGCT,UDI0060,GCAGAATC
IDT-ILMN TruSeq RNA UD Indexes (96 Indexes),20023785,NovaSeq1.0,E08,UDI0061,CGGAACTG,UDI0061,CACTACGA
IDT-ILMN TruSeq RNA UD Indexes (96 Indexes),20023785,NovaSeq1.0,F08,UDI0062,TAAGGTCA,UDI0062,TGTCGTAG
IDT-ILMN TruSeq RNA UD Indexes (96 Indexes),20023785,NovaSeq1.0,G08,UDI0063,TTGCCTAG,UDI0063,ACCACTTA
IDT-ILMN TruSeq RNA UD Indexes (96 Indexes),20023785,NovaSeq1.0,H08,UDI0064,CCATTCGA,UDI0064,GTTGTCCG
IDT-ILMN TruSeq RNA UD Indexes (96 Indexes),20023785,NovaSeq1.0,A09,UDI0065,ACACTAAG,UDI0065,ATCCATAT
IDT-ILMN TruSeq RNA UD Indexes (96 Indexes),20023785,NovaSeq1.0,B09,UDI0066,GTGTCGGA,UDI0066,GCTTGCGC
IDT-ILMN TruSeq RNA UD Indexes (96 Indexes),20023785,NovaSeq1.0,C09,UDI0067,TTCCTGTT,UDI0067,AGTATCTT
IDT-ILMN TruSeq RNA UD Indexes (96 Indexes),20023785,NovaSeq1.0,D09,UDI0068,CCTTCACC,UDI0068,GACGCTCC
IDT-ILMN TruSeq RNA UD Indexes (96 Indexes),20023785,NovaSeq1.0,E09,UDI0069,GCCACAGG,UDI0069,CATGCCAT
IDT-ILMN TruSeq RNA UD Indexes (96 Indexes),20023785,NovaSeq1.0,F09,UDI0070,ATTGTGAA,UDI0070,TGCATTGC
IDT-ILMN TruSeq RNA UD Indexes (96 Indexes),20023785,NovaSeq1.0,G09,UDI0071,ACTCGTGT,UDI0071,ATTGGAAC
IDT-ILMN TruSeq RNA UD Indexes (96 Indexes),20023785,NovaSeq1.0,H09,UDI0072,GTCTACAC,UDI0072,GCCAAGGT
IDT-ILMN TruSeq RNA UD Indexes (96 Indexes),20023785,NovaSeq1.0,A10,UDI0073,CAATTAAC,UDI0073,CGAGATAT
IDT-ILMN TruSeq RNA UD Indexes (96 Indexes),20023785,NovaSeq1.0,B10,UDI0074,TGGCCGGT,UDI0074,TAGAGCGC
IDT-ILMN TruSeq RNA UD Indexes (96 Indexes),20023785,NovaSeq1.0,C10,UDI0075,AGTACTCC,UDI0075,AACCTGTT
IDT-ILMN TruSeq RNA UD Indexes (96 Indexes),20023785,NovaSeq1.0,D10,UDI0076,GACGTCTT,UDI0076,GGTTCACC
IDT-ILMN TruSeq RNA UD Indexes (96 Indexes),20023785,NovaSeq1.0,E10,UDI0077,TGCGAGAC,UDI0077,CATTGTTG
IDT-ILMN TruSeq RNA UD Indexes (96 Indexes),20023785,NovaSeq1.0,F10,UDI0078,CATAGAGT,UDI0078,TGCCACCA
IDT-ILMN TruSeq RNA UD Indexes (96 Indexes),20023785,NovaSeq1.0,G10,UDI0079,ACAGGCGC,UDI0079,CTCTGCCT
IDT-ILMN TruSeq RNA UD Indexes (96 Indexes),20023785,NovaSeq1.0,H10,UDI0080,GTGAATAT,UDI0080,TCTCATTC
IDT-ILMN TruSeq RNA UD Indexes (96 Indexes),20023785,NovaSeq1.0,A11,UDI0081,AACTGTAG,UDI0081,ACGCCGCA
IDT-ILMN TruSeq RNA UD Indexes (96 Indexes),20023785,NovaSeq1.0,B11,UDI0082,GGTCACGA,UDI0082,GTATTATG
IDT-ILMN TruSeq RNA UD Indexes (96 Indexes),20023785,NovaSeq1.0,C11,UDI0083,CTGCTTCC,UDI0083,GATAGATC
IDT-ILMN TruSeq RNA UD Indexes (96 Indexes),20023785,NovaSeq1.0,D11,UDI0084,TCATCCTT,UDI0084,AGCGAGCT
IDT-ILMN TruSeq RNA UD Indexes (96 Indexes),20023785,NovaSeq1.0,E11,UDI0085,AGGTTATA,UDI0085,CAGTTCCG
IDT-ILMN TruSeq RNA UD Indexes (96 Indexes),20023785,NovaSeq1.0,F11,UDI0086,GAACCGCG,UDI0086,TGACCTTA
IDT-ILMN TruSeq RNA UD Indexes (96 Indexes),20023785,NovaSeq1.0,G11,UDI0087,CTCACCAA,UDI0087,CTAGGCAA
IDT-ILMN TruSeq RNA UD Indexes (96 Indexes),20023785,NovaSeq1.0,H11,UDI0088,TCTGTTGG,UDI0088,TCGAATGG
IDT-ILMN TruSeq RNA UD Indexes (96 Indexes),20023785,NovaSeq1.0,A12,UDI0089,TATCGCAC,UDI0089,CTTAGTGT
IDT-ILMN TruSeq RNA UD Indexes (96 Indexes),20023785,NovaSeq1.0,B12,UDI0090,CGCTATGT,UDI0090,TCCGACAC
IDT-ILMN TruSeq RNA UD Indexes (96 Indexes),20023785,NovaSeq1.0,C12,UDI0091,GTATGTTC,UDI0091,AACAGGAA
IDT-ILMN TruSeq RNA UD Indexes (96 Indexes),20023785,NovaSeq1.0,D12,UDI0092,ACGCACCT,UDI0092,GGTGAAGG
IDT-ILMN TruSeq RNA UD Indexes (96 Indexes),20023785,NovaSeq1.0,E12,UDI0093,TACTCATA,UDI0093,CCTGTGGC
IDT-ILMN TruSeq RNA UD Indexes (96 Indexes),20023785,NovaSeq1.0,F12,UDI0094,CGTCTGCG,UDI0094,TTCACAAT
IDT-ILMN TruSeq RNA UD Indexes (96 Indexes),20023785,NovaSeq1.0,G12,UDI0095,TCGATATC,UDI0095,ACACGAGT
IDT-ILMN TruSeq RNA UD Indexes (96 Indexes),20023785,NovaSeq1.0,H12,UDI0096,CTAGCGCT,UDI0096,GTGTAGAC
SMARTer RNA Unique Dual Index Kit -96U Set A,634452,NovaSeq,A01,U001,CCGCGGTT,U001,CTAGCGCT
SMARTer RNA Unique Dual Index Kit -96U Set A,634452,NovaSeq,B01,U002,TTATAACC,U002,TCGATATC
SMARTer RNA Unique Dual Index Kit -96U Set A,634452,NovaSeq,C01,U003,GGACTTGG,U003,CGTCTGCG
SMARTer RNA Unique Dual Index Kit -96U Set A,634452,NovaSeq,D01,U004,AAGTCCAA,U004,TACTCATA
SMARTer RNA Unique Dual Index Kit -96U Set A,634452,NovaSeq,E01,U005,ATCCACTG,U005,ACGCACCT
SMARTer RNA Unique Dual Index Kit -96U Set A,634452,NovaSeq,F01,U006,GCTTGTCA,U006,GTATGTTC
SMARTer RNA Unique Dual Index Kit -96U Set A,634452,NovaSeq,G01,U007,CAAGCTAG,U007,CGCTATGT
SMARTer RNA Unique Dual Index Kit -96U Set A,634452,NovaSeq,H01,U008,TGGATCGA,U008,TATCGCAC
SMARTer RNA Unique Dual Index Kit -96U Set A,634452,NovaSeq,A02,U009,AGTTCAGG,U009,TCTGTTGG
SMARTer RNA Unique Dual Index Kit -96U Set A,634452,NovaSeq,B02,U010,GACCTGAA,U010,CTCACCAA
SMARTer RNA Unique Dual Index Kit -96U Set A,634452,NovaSeq,C02,U011,TCTCTACT,U011,GAACCGCG
SMARTer RNA Unique Dual Index Kit -96U Set A,634452,NovaSeq,D02,U012,CTCTCGTC,U012,AGGTTATA
SMARTer RNA Unique Dual Index Kit -96U Set A,634452,NovaSeq,E02,U013,CCAAGTCT,U013,TCATCCTT
SMARTer RNA Unique Dual Index Kit -96U Set A,634452,NovaSeq,F02,U014,TTGGACTC,U014,CTGCTTCC
SMARTer RNA Unique Dual Index Kit -96U Set A,634452,NovaSeq,G02,U015,GGCTTAAG,U015,GGTCACGA
SMARTer RNA Unique Dual Index Kit -96U Set A,634452,NovaSeq,H02,U016,AATCCGGA,U016,AACTGTAG
SMARTer RNA Unique Dual Index Kit -96U Set A,634452,NovaSeq,A03,U017,TAATACAG,U017,GTGAATAT
SMARTer RNA Unique Dual Index Kit -96U Set A,634452,NovaSeq,B03,U018,CGGCGTGA,U018,ACAGGCGC
SMARTer RNA Unique Dual Index Kit -96U Set A,634452,NovaSeq,C03,U019,ATGTAAGT,U019,CATAGAGT
SMARTer RNA Unique Dual Index Kit -96U Set A,634452,NovaSeq,D03,U020,GCACGGAC,U020,TGCGAGAC
SMARTer RNA Unique Dual Index Kit -96U Set A,634452,NovaSeq,E03,U021,GGTACCTT,U021,GACGTCTT
SMARTer RNA Unique Dual Index Kit -96U Set A,634452,NovaSeq,F03,U022,AACGTTCC,U022,AGTACTCC
SMARTer RNA Unique Dual Index Kit -96U Set A,634452,NovaSeq,G03,U023,GCAGAATT,U023,TGGCCGGT
SMARTer RNA Unique Dual Index Kit -96U Set A,634452,NovaSeq,H03,U024,ATGAGGCC,U024,CAATTAAC
SMARTer RNA Unique Dual Index Kit -96U Set A,634452,NovaSeq,A04,U025,ACTAAGAT,U025,CCGCGGTT
SMARTer RNA Unique Dual Index Kit -96U Set A,634452,NovaSeq,B04,U026,GTCGGAGC,U026,TTATAACC
SMARTer RNA Unique Dual Index Kit -96U Set A,634452,NovaSeq,C04,U027,CTTGGTAT,U027,GGACTTGG
SMARTer RNA Unique Dual Index Kit -96U Set A,634452,NovaSeq,D04,U028,TCCAACGC,U028,AAGTCCAA
SMARTer RNA Unique Dual Index Kit -96U Set A,634452,NovaSeq,E04,U029,CCGTGAAG,U029,ATCCACTG
SMARTer RNA Unique Dual Index Kit -96U Set A,634452,NovaSeq,F04,U030,TTACAGGA,U030,GCTTGTCA
SMARTer RNA Unique Dual Index Kit -96U Set A,634452,NovaSeq,G04,U031,GGCATTCT,U031,CAAGCTAG
SMARTer RNA Unique Dual Index Kit -96U Set A,634452,NovaSeq,H04,U032,AATGCCTC,U032,TGGATCGA
SMARTer RNA Unique Dual Index Kit -96U Set A,634452,NovaSeq,A05,U033,TACCGAGG,U033,AGTTCAGG
SMARTer RNA Unique Dual Index Kit -96U Set A,634452,NovaSeq,B05,U034,CGTTAGAA,U034,GACCTGAA
SMARTer RNA Unique Dual Index Kit -96U Set A,634452,NovaSeq,C05,U035,AGCCTCAT,U035,TCTCTACT
SMARTer RNA Unique Dual Index Kit -96U Set A,634452,NovaSeq,D05,U036,GATTCTGC,U036,CTCTCGTC
SMARTer RNA Unique Dual Index Kit -96U Set A,634452,NovaSeq,E05,U037,TCGTAGTG,U037,CCAAGTCT
SMARTer RNA Unique Dual Index Kit -96U Set A,634452,NovaSeq,F05,U038,CTACGACA,U038,TTGGACTC
SMARTer RNA Unique Dual Index Kit -96U Set A,634452,NovaSeq,G05,U039,TAAGTGGT,U039,GGCTTAAG
SMARTer RNA Unique Dual Index Kit -96U Set A,634452,NovaSeq,H05,U040,CGGACAAC,U040,AATCCGGA
SMARTer RNA Unique Dual Index Kit -96U Set A,634452,NovaSeq,A06,U041,ATATGGAT,U041,TAATACAG
SMARTer RNA Unique Dual Index Kit -96U Set A,634452,NovaSeq,B06,U042,GCGCAAGC,U042,CGGCGTGA
SMARTer RNA Unique Dual Index Kit -96U Set A,634452,NovaSeq,C06,U043,AAGATACT,U043,ATGTAAGT
SMARTer RNA Unique Dual Index Kit -96U Set A,634452,NovaSeq,D06,U044,GGAGCGTC,U044,GCACGGAC
SMARTer RNA Unique Dual Index Kit -96U Set A,634452,NovaSeq,E06,U045,ATGGCATG,U045,GGTACCTT
SMARTer RNA Unique Dual Index Kit -96U Set A,634452,NovaSeq,F06,U046,GCAATGCA,U046,AACGTTCC
SMARTer RNA Unique Dual Index Kit -96U Set A,634452,NovaSeq,G06,U047,GTTCCAAT,U047,GCAGAATT
SMARTer RNA Unique Dual Index Kit -96U Set A,634452,NovaSeq,H06,U048,ACCTTGGC,U048,ATGAGGCC
SMARTer RNA Unique Dual Index Kit -96U Set A,634452,NovaSeq,A07,U049,ATATCTCG,U049,ACTAAGAT
SMARTer RNA Unique Dual Index Kit -96U Set A,634452,NovaSeq,B07,U050,GCGCTCTA,U050,GTCGGAGC
SMARTer RNA Unique Dual Index Kit -96U Set A,634452,NovaSeq,C07,U051,AACAGGTT,U051,CTTGGTAT
SMARTer RNA Unique Dual Index Kit -96U Set A,634452,NovaSeq,D07,U052,GGTGAACC,U052,TCCAACGC
SMARTer RNA Unique Dual Index Kit -96U Set A,634452,NovaSeq,E07,U053,CAACAATG,U053,CCGTGAAG
SMARTer RNA Unique Dual Index Kit -96U Set A,634452,NovaSeq,F07,U054,TGGTGGCA,U054,TTACAGGA
SMARTer RNA Unique Dual Index Kit -96U Set A,634452,NovaSeq,G07,U055,AGGCAGAG,U055,GGCATTCT
SMARTer RNA Unique Dual Index Kit -96U Set A,634452,NovaSeq,H07,U056,GAATGAGA,U056,AATGCCTC
SMARTer RNA Unique Dual Index Kit -96U Set A,634452,NovaSeq,A08,U057,TGCGGCGT,U057,TACCGAGG
SMARTer RNA Unique Dual Index Kit -96U Set A,634452,NovaSeq,B08,U058,CATAATAC,U058,CGTTAGAA
SMARTer RNA Unique Dual Index Kit -96U Set A,634452,NovaSeq,C08,U059,GATCTATC,U059,AGCCTCAT
SMARTer RNA Unique Dual Index Kit -96U Set A,634452,NovaSeq,D08,U060,AGCTCGCT,U060,GATTCTGC
SMARTer RNA Unique Dual Index Kit -96U Set A,634452,NovaSeq,E08,U061,CGGAACTG,U061,TCGTAGTG
SMARTer RNA Unique Dual Index Kit -96U Set A,634452,NovaSeq,F08,U062,TAAGGTCA,U062,CTACGACA
SMARTer RNA Unique Dual Index Kit -96U Set A,634452,NovaSeq,G08,U063,TTGCCTAG,U063,TAAGTGGT
SMARTer RNA Unique Dual Index Kit -96U Set A,634452,NovaSeq,H08,U064,CCATTCGA,U064,CGGACAAC
SMARTer RNA Unique Dual Index Kit -96U Set A,634452,NovaSeq,A09,U065,ACACTAAG,U065,ATATGGAT
SMARTer RNA Unique Dual Index Kit -96U Set A,634452,NovaSeq,B09,U066,GTGTCGGA,U066,GCGCAAGC
SMARTer RNA Unique Dual Index Kit -96U Set A,634452,NovaSeq,C09,U067,TTCCTGTT,U067,AAGATACT
SMARTer RNA Unique Dual Index Kit -96U Set A,634452,NovaSeq,D09,U068,CCTTCACC,U068,GGAGCGTC
SMARTer RNA Unique Dual Index Kit -96U Set A,634452,NovaSeq,E09,U069,GCCACAGG,U069,ATGGCATG
SMARTer RNA Unique Dual Index Kit -96U Set A,634452,NovaSeq,F09,U070,ATTGTGAA,U070,GCAATGCA
SMARTer RNA Unique Dual Index Kit -96U Set A,634452,NovaSeq,G09,U071,ACTCGTGT,U071,GTTCCAAT
SMARTer RNA Unique Dual Index Kit -96U Set A,634452,NovaSeq,H09,U072,GTCTACAC,U072,ACCTTGGC
SMARTer RNA Unique Dual Index Kit -96U Set A,634452,NovaSeq,A10,U073,CAATTAAC,U073,ATATCTCG
SMARTer RNA Unique Dual Index Kit -96U Set A,634452,NovaSeq,B10,U074,TGGCCGGT,U074,GCGCTCTA
SMARTer RNA Unique Dual Index Kit -96U Set A,634452,NovaSeq,C10,U075,AGTACTCC,U075,AACAGGTT
SMARTer RNA Unique Dual Index Kit -96U Set A,634452,NovaSeq,D10,U076,GACGTCTT,U076,GGTGAACC
SMARTer RNA Unique Dual Index Kit -96U Set A,634452,NovaSeq,E10,U077,TGCGAGAC,U077,CAACAATG
SMARTer RNA Unique Dual Index Kit -96U Set A,634452,NovaSeq,F10,U078,CATAGAGT,U078,TGGTGGCA
SMARTer RNA Unique Dual Index Kit -96U Set A,634452,NovaSeq,G10,U079,ACAGGCGC,U079,AGGCAGAG
SMARTer RNA Unique Dual Index Kit -96U Set A,634452,NovaSeq,H10,U080,GTGAATAT,U080,GAATGAGA
SMARTer RNA Unique Dual Index Kit -96U Set A,634452,NovaSeq,A11,U081,AACTGTAG,U081,TGCGGCGT
SMARTer RNA Unique Dual Index Kit -96U Set A,634452,NovaSeq,B11,U082,GGTCACGA,U082,CATAATAC
SMARTer RNA Unique Dual Index Kit -96U Set A,634452,NovaSeq,C11,U083,CTGCTTCC,U083,GATCTATC
SMARTer RNA Unique Dual Index Kit -96U Set A,634452,NovaSeq,D11,U084,TCATCCTT,U084,AGCTCGCT
SMARTer RNA Unique Dual Index Kit -96U Set A,634452,NovaSeq,E11,U085,AGGTTATA,U085,CGGAACTG
SMARTer RNA Unique Dual Index Kit -96U Set A,634452,NovaSeq,F11,U086,GAACCGCG,U086,TAAGGTCA
SMARTer RNA Unique Dual Index Kit -96U Set A,634452,NovaSeq,G11,U087,CTCACCAA,U087,TTGCCTAG
SMARTer RNA Unique Dual Index Kit -96U Set A,634452,NovaSeq,H11,U088,TCTGTTGG,U088,CCATTCGA
SMARTer RNA Unique Dual Index Kit -96U Set A,634452,NovaSeq,A12,U089,TATCGCAC,U089,ACACTAAG
SMARTer RNA Unique Dual Index Kit -96U Set A,634452,NovaSeq,B12,U090,CGCTATGT,U090,GTGTCGGA
SMARTer RNA Unique Dual Index Kit -96U Set A,634452,NovaSeq,C12,U091,GTATGTTC,U091,TTCCTGTT
SMARTer RNA Unique Dual Index Kit -96U Set A,634452,NovaSeq,D12,U092,ACGCACCT,U092,CCTTCACC
SMARTer RNA Unique Dual Index Kit -96U Set A,634452,NovaSeq,E12,U093,TACTCATA,U093,GCCACAGG
SMARTer RNA Unique Dual Index Kit -96U Set A,634452,NovaSeq,F12,U094,CGTCTGCG,U094,ATTGTGAA
SMARTer RNA Unique Dual Index Kit -96U Set A,634452,NovaSeq,G12,U095,TCGATATC,U095,ACTCGTGT
SMARTer RNA Unique Dual Index Kit -96U Set A,634452,NovaSeq,H12,U096,CTAGCGCT,U096,GTCTACAC
SMARTer RNA Unique Dual Index Kit -96U Set A,634452,NovaSeq1.0,A01,U001,CCGCGGTT,U001,AGCGCTAG
SMARTer RNA Unique Dual Index Kit -96U Set A,634452,NovaSeq1.0,B01,U002,TTATAACC,U002,GATATCGA
SMARTer RNA Unique Dual Index Kit -96U Set A,634452,NovaSeq1.0,C01,U003,GGACTTGG,U003,CGCAGACG
SMARTer RNA Unique Dual Index Kit -96U Set A,634452,NovaSeq1.0,D01,U004,AAGTCCAA,U004,TATGAGTA
SMARTer RNA Unique Dual Index Kit -96U Set A,634452,NovaSeq1.0,E01,U005,ATCCACTG,U005,AGGTGCGT
SMARTer RNA Unique Dual Index Kit -96U Set A,634452,NovaSeq1.0,F01,U006,GCTTGTCA,U006,GAACATAC
SMARTer RNA Unique Dual Index Kit -96U Set A,634452,NovaSeq1.0,G01,U007,CAAGCTAG,U007,ACATAGCG
SMARTer RNA Unique Dual Index Kit -96U Set A,634452,NovaSeq1.0,H01,U008,TGGATCGA,U008,GTGCGATA
SMARTer RNA Unique Dual Index Kit -96U Set A,634452,NovaSeq1.0,A02,U009,AGTTCAGG,U009,CCAACAGA
SMARTer RNA Unique Dual Index Kit -96U Set A,634452,NovaSeq1.0,B02,U010,GACCTGAA,U010,TTGGTGAG
SMARTer RNA Unique Dual Index Kit -96U Set A,634452,NovaSeq1.0,C02,U011,TCTCTACT,U011,CGCGGTTC
SMARTer RNA Unique Dual Index Kit -96U Set A,634452,NovaSeq1.0,D02,U012,CTCTCGTC,U012,TATAACCT
SMARTer RNA Unique Dual Index Kit -96U Set A,634452,NovaSeq1.0,E02,U013,CCAAGTCT,U013,AAGGATGA
SMARTer RNA Unique Dual Index Kit -96U Set A,634452,NovaSeq1.0,F02,U014,TTGGACTC,U014,GGAAGCAG
SMARTer RNA Unique Dual Index Kit -96U Set A,634452,NovaSeq1.0,G02,U015,GGCTTAAG,U015,TCGTGACC
SMARTer RNA Unique Dual Index Kit -96U Set A,634452,NovaSeq1.0,H02,U016,AATCCGGA,U016,CTACAGTT
SMARTer RNA Unique Dual Index Kit -96U Set A,634452,NovaSeq1.0,A03,U017,TAATACAG,U017,ATATTCAC
SMARTer RNA Unique Dual Index Kit -96U Set A,634452,NovaSeq1.0,B03,U018,CGGCGTGA,U018,GCGCCTGT
SMARTer RNA Unique Dual Index Kit -96U Set A,634452,NovaSeq1.0,C03,U019,ATGTAAGT,U019,ACTCTATG
SMARTer RNA Unique Dual Index Kit -96U Set A,634452,NovaSeq1.0,D03,U020,GCACGGAC,U020,GTCTCGCA
SMARTer RNA Unique Dual Index Kit -96U Set A,634452,NovaSeq1.0,E03,U021,GGTACCTT,U021,AAGACGTC
SMARTer RNA Unique Dual Index Kit -96U Set A,634452,NovaSeq1.0,F03,U022,AACGTTCC,U022,GGAGTACT
SMARTer RNA Unique Dual Index Kit -96U Set A,634452,NovaSeq1.0,G03,U023,GCAGAATT,U023,ACCGGCCA
SMARTer RNA Unique Dual Index Kit -96U Set A,634452,NovaSeq1.0,H03,U024,ATGAGGCC,U024,GTTAATTG
SMARTer RNA Unique Dual Index Kit -96U Set A,634452,NovaSeq1.0,A04,U025,ACTAAGAT,U025,AACCGCGG
SMARTer RNA Unique Dual Index Kit -96U Set A,634452,NovaSeq1.0,B04,U026,GTCGGAGC,U026,GGTTATAA
SMARTer RNA Unique Dual Index Kit -96U Set A,634452,NovaSeq1.0,C04,U027,CTTGGTAT,U027,CCAAGTCC
SMARTer RNA Unique Dual Index Kit -96U Set A,634452,NovaSeq1.0,D04,U028,TCCAACGC,U028,TTGGACTT
SMARTer RNA Unique Dual Index Kit -96U Set A,634452,NovaSeq1.0,E04,U029,CCGTGAAG,U029,CAGTGGAT
SMARTer RNA Unique Dual Index Kit -96U Set A,634452,NovaSeq1.0,F04,U030,TTACAGGA,U030,TGACAAGC
SMARTer RNA Unique Dual Index Kit -96U Set A,634452,NovaSeq1.0,G04,U031,GGCATTCT,U031,CTAGCTTG
SMARTer RNA Unique Dual Index Kit -96U Set A,634452,NovaSeq1.0,H04,U032,AATGCCTC,U032,TCGATCCA
SMARTer RNA Unique Dual Index Kit -96U Set A,634452,NovaSeq1.0,A05,U033,TACCGAGG,U033,CCTGAACT
SMARTer RNA Unique Dual Index Kit -96U Set A,634452,NovaSeq1.0,B05,U034,CGTTAGAA,U034,TTCAGGTC
SMARTer RNA Unique Dual Index Kit -96U Set A,634452,NovaSeq1.0,C05,U035,AGCCTCAT,U035,AGTAGAGA
SMARTer RNA Unique Dual Index Kit -96U Set A,634452,NovaSeq1.0,D05,U036,GATTCTGC,U036,GACGAGAG
SMARTer RNA Unique Dual Index Kit -96U Set A,634452,NovaSeq1.0,E05,U037,TCGTAGTG,U037,AGACTTGG
SMARTer RNA Unique Dual Index Kit -96U Set A,634452,NovaSeq1.0,F05,U038,CTACGACA,U038,GAGTCCAA
SMARTer RNA Unique Dual Index Kit -96U Set A,634452,NovaSeq1.0,G05,U039,TAAGTGGT,U039,CTTAAGCC
SMARTer RNA Unique Dual Index Kit -96U Set A,634452,NovaSeq1.0,H05,U040,CGGACAAC,U040,TCCGGATT
SMARTer RNA Unique Dual Index Kit -96U Set A,634452,NovaSeq1.0,A06,U041,ATATGGAT,U041,CTGTATTA
SMARTer RNA Unique Dual Index Kit -96U Set A,634452,NovaSeq1.0,B06,U042,GCGCAAGC,U042,TCACGCCG
SMARTer RNA Unique Dual Index Kit -96U Set A,634452,NovaSeq1.0,C06,U043,AAGATACT,U043,ACTTACAT
SMARTer RNA Unique Dual Index Kit -96U Set A,634452,NovaSeq1.0,D06,U044,GGAGCGTC,U044,GTCCGTGC
SMARTer RNA Unique Dual Index Kit -96U Set A,634452,NovaSeq1.0,E06,U045,ATGGCATG,U045,AAGGTACC
SMARTer RNA Unique Dual Index Kit -96U Set A,634452,NovaSeq1.0,F06,U046,GCAATGCA,U046,GGAACGTT
SMARTer RNA Unique Dual Index Kit -96U Set A,634452,NovaSeq1.0,G06,U047,GTTCCAAT,U047,AATTCTGC
SMARTer RNA Unique Dual Index Kit -96U Set A,634452,NovaSeq1.0,H06,U048,ACCTTGGC,U048,GGCCTCAT
SMARTer RNA Unique Dual Index Kit -96U Set A,634452,NovaSeq1.0,A07,U049,ATATCTCG,U049,ATCTTAGT
SMARTer RNA Unique Dual Index Kit -96U Set A,634452,NovaSeq1.0,B07,U050,GCGCTCTA,U050,GCTCCGAC
SMARTer RNA Unique Dual Index Kit -96U Set A,634452,NovaSeq1.0,C07,U051,AACAGGTT,U051,ATACCAAG
SMARTer RNA Unique Dual Index Kit -96U Set A,634452,NovaSeq1.0,D07,U052,GGTGAACC,U052,GCGTTGGA
SMARTer RNA Unique Dual Index Kit -96U Set A,634452,NovaSeq1.0,E07,U053,CAACAATG,U053,CTTCACGG
SMARTer RNA Unique Dual Index Kit -96U Set A,634452,NovaSeq1.0,F07,U054,TGGTGGCA,U054,TCCTGTAA
SMARTer RNA Unique Dual Index Kit -96U Set A,634452,NovaSeq1.0,G07,U055,AGGCAGAG,U055,AGAATGCC
SMARTer RNA Unique Dual Index Kit -96U Set A,634452,NovaSeq1.0,H07,U056,GAATGAGA,U056,GAGGCATT
SMARTer RNA Unique Dual Index Kit -96U Set A,634452,NovaSeq1.0,A08,U057,TGCGGCGT,U057,CCTCGGTA
SMARTer RNA Unique Dual Index Kit -96U Set A,634452,NovaSeq1.0,B08,U058,CATAATAC,U058,TTCTAACG
SMARTer RNA Unique Dual Index Kit -96U Set A,634452,NovaSeq1.0,C08,U059,GATCTATC,U059,ATGAGGCT
SMARTer RNA Unique Dual Index Kit -96U Set A,634452,NovaSeq1.0,D08,U060,AGCTCGCT,U060,GCAGAATC
SMARTer RNA Unique Dual Index Kit -96U Set A,634452,NovaSeq1.0,E08,U061,CGGAACTG,U061,CACTACGA
SMARTer RNA Unique Dual Index Kit -96U Set A,634452,NovaSeq1.0,F08,U062,TAAGGTCA,U062,TGTCGTAG
SMARTer RNA Unique Dual Index Kit -96U Set A,634452,NovaSeq1.0,G08,U063,TTGCCTAG,U063,ACCACTTA
SMARTer RNA Unique Dual Index Kit -96U Set A,634452,NovaSeq1.0,H08,U064,CCATTCGA,U064,GTTGTCCG
SMARTer RNA Unique Dual Index Kit -96U Set A,634452,NovaSeq1.0,A09,U065,ACACTAAG,U065,ATCCATAT
SMARTer RNA Unique Dual Index Kit -96U Set A,634452,NovaSeq1.0,B09,U066,GTGTCGGA,U066,GCTTGCGC
SMARTer RNA Unique Dual Index Kit -96U Set A,634452,NovaSeq1.0,C09,U067,TTCCTGTT,U067,AGTATCTT
SMARTer RNA Unique Dual Index Kit -96U Set A,634452,NovaSeq1.0,D09,U068,CCTTCACC,U068,GACGCTCC
SMARTer RNA Unique Dual Index Kit -96U Set A,634452,NovaSeq1.0,E09,U069,GCCACAGG,U069,CATGCCAT
SMARTer RNA Unique Dual Index Kit -96U Set A,634452,NovaSeq1.0,F09,U070,ATTGTGAA,U070,TGCATTGC
SMARTer RNA Unique Dual Index Kit -96U Set A,634452,NovaSeq1.0,G09,U071,ACTCGTGT,U071,ATTGGAAC
SMARTer RNA Unique Dual Index Kit -96U Set A,634452,NovaSeq1.0,H09,U072,GTCTACAC,U072,GCCAAGGT
SMARTer RNA Unique Dual Index Kit -96U Set A,634452,NovaSeq1.0,A10,U073,CAATTAAC,U073,CGAGATAT
SMARTer RNA Unique Dual Index Kit -96U Set A,634452,NovaSeq1.0,B10,U074,TGGCCGGT,U074,TAGAGCGC
SMARTer RNA Unique Dual Index Kit -96U Set A,634452,NovaSeq1.0,C10,U075,AGTACTCC,U075,AACCTGTT
SMARTer RNA Unique Dual Index Kit -96U Set A,634452,NovaSeq1.0,D10,U076,GACGTCTT,U076,GGTTCACC
SMARTer RNA Unique Dual Index Kit -96U Set A,634452,NovaSeq1.0,E10,U077,TGCGAGAC,U077,CATTGTTG
SMARTer RNA Unique Dual Index Kit -96U Set A,634452,NovaSeq1.0,F10,U078,CATAGAGT,U078,TGCCACCA
SMARTer RNA Unique Dual Index Kit -96U Set A,634452,NovaSeq1.0,G10,U079,ACAGGCGC,U079,CTCTGCCT
SMARTer RNA Unique Dual Index Kit -96U Set A,634452,NovaSeq1.0,H10,U080,GTGAATAT,U080,TCTCATTC
SMARTer RNA Unique Dual Index Kit -96U Set A,634452,NovaSeq1.0,A11,U081,AACTGTAG,U081,ACGCCGCA
SMARTer RNA Unique Dual Index Kit -96U Set A,634452,NovaSeq1.0,B11,U082,GGTCACGA,U082,GTATTATG
SMARTer RNA Unique Dual Index Kit -96U Set A,634452,NovaSeq1.0,C11,U083,CTGCTTCC,U083,GATAGATC
SMARTer RNA Unique Dual Index Kit -96U Set A,634452,NovaSeq1.0,D11,U084,TCATCCTT,U084,AGCGAGCT
SMARTer RNA Unique Dual Index Kit -96U Set A,634452,NovaSeq1.0,E11,U085,AGGTTATA,U085,CAGTTCCG
SMARTer RNA Unique Dual Index Kit -96U Set A,634452,NovaSeq1.0,F11,U086,GAACCGCG,U086,TGACCTTA
SMARTer RNA Unique Dual Index Kit -96U Set A,634452,NovaSeq1.0,G11,U087,CTCACCAA,U087,CTAGGCAA
SMARTer RNA Unique Dual Index Kit -96U Set A,634452,NovaSeq1.0,H11,U088,TCTGTTGG,U088,TCGAATGG
SMARTer RNA Unique Dual Index Kit -96U Set A,634452,NovaSeq1.0,A12,U089,TATCGCAC,U089,CTTAGTGT
SMARTer RNA Unique Dual Index Kit -96U Set A,634452,NovaSeq1.0,B12,U090,CGCTATGT,U090,TCCGACAC
SMARTer RNA Unique Dual Index Kit -96U Set A,634452,NovaSeq1.0,C12,U091,GTATGTTC,U091,AACAGGAA
SMARTer RNA Unique Dual Index Kit -96U Set A,634452,NovaSeq1.0,D12,U092,ACGCACCT,U092,GGTGAAGG
SMARTer RNA Unique Dual Index Kit -96U Set A,634452,NovaSeq1.0,E12,U093,TACTCATA,U093,CCTGTGGC
SMARTer RNA Unique Dual Index Kit -96U Set A,634452,NovaSeq1.0,F12,U094,CGTCTGCG,U094,TTCACAAT
SMARTer RNA Unique Dual Index Kit -96U Set A,634452,NovaSeq1.0,G12,U095,TCGATATC,U095,ACACGAGT
SMARTer RNA Unique Dual Index Kit -96U Set A,634452,NovaSeq1.0,H12,U096,CTAGCGCT,U096,GTGTAGAC
IDT-ILMN Nextera DNA UD Indexes (96 Indexes) Set C,20027215,NovaSeq,A01,UDP0193,TCTCATGATA,UDP0193,TCCACGTGTT
IDT-ILMN Nextera DNA UD Indexes (96 Indexes) Set C,20027215,NovaSeq,B01,UDP0194,CGAGGCCAAG,UDP0194,CCGGTAACAC
IDT-ILMN Nextera DNA UD Indexes (96 Indexes) Set C,20027215,NovaSeq,C01,UDP0195,TTCACGAGAC,UDP0195,GTAACAATCT
IDT-ILMN Nextera DNA UD Indexes (96 Indexes) Set C,20027215,NovaSeq,D01,UDP0196,GCGTGGATGG,UDP0196,CATTGGTCAA
IDT-ILMN Nextera DNA UD Indexes (96 Indexes) Set C,20027215,NovaSeq,E01,UDP0197,TCCTGGTTGT,UDP0197,TGCCGGTCAG
IDT-ILMN Nextera DNA UD Indexes (96 Indexes) Set C,20027215,NovaSeq,F01,UDP0198,TAATTCTGCT,UDP0198,ATTGATGAGA
IDT-ILMN Nextera DNA UD Indexes (96 Indexes) Set C,20027215,NovaSeq,G01,UDP0199,CGCACGACTG,UDP0199,CTGTTGGTCC
IDT-ILMN Nextera DNA UD Indexes (96 Indexes) Set C,20027215,NovaSeq,H01,UDP0200,GAGGTTAGAC,UDP0200,GCAATACATT
IDT-ILMN Nextera DNA UD Indexes (96 Indexes) Set C,20027215,NovaSeq,A02,UDP0201,AACCGAGTTC,UDP0201,TCCAGAGATC
IDT-ILMN Nextera DNA UD Indexes (96 Indexes) Set C,20027215,NovaSeq,B02,UDP0202,TGTGATAACT,UDP0202,ATGGCGCCTG
IDT-ILMN Nextera DNA UD Indexes (96 Indexes) Set C,20027215,NovaSeq,C02,UDP0203,AGTATGCTAC,UDP0203,GGTCTATTAA
IDT-ILMN Nextera DNA UD Indexes (96 Indexes) Set C,20027215,NovaSeq,D02,UDP0204,GTAACTGAAG,UDP0204,TCGCGACTCC
IDT-ILMN Nextera DNA UD Indexes (96 Indexes) Set C,20027215,NovaSeq,E02,UDP0205,TCCTCGGACT,UDP0205,CTCTGGCGTT
IDT-ILMN Nextera DNA UD Indexes (96 Indexes) Set C,20027215,NovaSeq,F02,UDP0206,CTGGAACTGT,UDP0206,GTTAATTACG
IDT-ILMN Nextera DNA UD Indexes (96 Indexes) Set C,20027215,NovaSeq,G02,UDP0207,GAATATGCGG,UDP0207,TCAGTCTCGT
IDT-ILMN Nextera DNA UD Indexes (96 Indexes) Set C,20027215,NovaSeq,H02,UDP0208,GATCGGATAA,UDP0208,CGGCCGATAC
IDT-ILMN Nextera DNA UD Indexes (96 Indexes) Set C,20027215,NovaSeq,A03,UDP0209,GCTAGACTAT,UDP0209,ATGTCGTATT
IDT-ILMN Nextera DNA UD Indexes (96 Indexes) Set C,20027215,NovaSeq,B03,UDP0210,AGCTACTATA,UDP0210,GCCATATAAC
IDT-ILMN Nextera DNA UD Indexes (96 Indexes) Set C,20027215,NovaSeq,C03,UDP0211,CCACCGGAGT,UDP0211,CATGGCAGGC
IDT-ILMN Nextera DNA UD Indexes (96 Indexes) Set C,20027215,NovaSeq,D03,UDP0212,CTTACCGCAC,UDP0212,ATAGGTCTTA
IDT-ILMN Nextera DNA UD Indexes (96 Indexes) Set C,20027215,NovaSeq,E03,UDP0213,TTAGGATATC,UDP0213,CCATGGTATA
IDT-ILMN Nextera DNA UD Indexes (96 Indexes) Set C,20027215,NovaSeq,F03,UDP0214,TTATACGCGA,UDP0214,AACAGACGGC
IDT-ILMN Nextera DNA UD Indexes (96 Indexes) Set C,20027215,NovaSeq,G03,UDP0215,CGCTTAGAAT,UDP0215,TATCACTCTG
IDT-ILMN Nextera DNA UD Indexes (96 Indexes) Set C,20027215,NovaSeq,H03,UDP0216,CCGAAGCGCT,UDP0216,ATAGTTAGCA
IDT-ILMN Nextera DNA UD Indexes (96 Indexes) Set C,20027215,NovaSeq,A04,UDP0217,CACTATCAAC,UDP0217,CATTAACTGA
IDT-ILMN Nextera DNA UD Indexes (96 Indexes) Set C,20027215,NovaSeq,B04,UDP0218,TTGCTCTATT,UDP0218,TCAAGGTCAC
IDT-ILMN Nextera DNA UD Indexes (96 Indexes) Set C,20027215,NovaSeq,C04,UDP0219,TTACAGTTAG,UDP0219,ATATGCATGT
IDT-ILMN Nextera DNA UD Indexes (96 Indexes) Set C,20027215,NovaSeq,D04,UDP0220,CTAAGTACGC,UDP0220,TAGGTATGTT
IDT-ILMN Nextera DNA UD Indexes (96 Indexes) Set C,20027215,NovaSeq,E04,UDP0221,TAGTTCGGTA,UDP0221,CTACACATGG
IDT-ILMN Nextera DNA UD Indexes (96 Indexes) Set C,20027215,NovaSeq,F04,UDP0222,CTATTACTAC,UDP0222,GGAGAGACTC
IDT-ILMN Nextera DNA UD Indexes (96 Indexes) Set C,20027215,NovaSeq,G04,UDP0223,TAGCATAACC,UDP0223,TGCGCATAGC
IDT-ILMN Nextera DNA UD Indexes (96 Indexes) Set C,20027215,NovaSeq,H04,UDP0224,ACTCTATTGT,UDP0224,CATATGCGAT
IDT-ILMN Nextera DNA UD Indexes (96 Indexes) Set C,20027215,NovaSeq,A05,UDP0225,TAGTGGAAGC,UDP0225,TATAGGTACT
IDT-ILMN Nextera DNA UD Indexes (96 Indexes) Set C,20027215,NovaSeq,B05,UDP0226,CGCCATATCT,UDP0226,ATCTCCGGTC
IDT-ILMN Nextera DNA UD Indexes (96 Indexes) Set C,20027215,NovaSeq,C05,UDP0227,GCTTCATATT,UDP0227,AGGCTGAACG
IDT-ILMN Nextera DNA UD Indexes (96 Indexes) Set C,20027215,NovaSeq,D05,UDP0228,ACTAGCGCTA,UDP0228,GAGGAAGTAA
IDT-ILMN Nextera DNA UD Indexes (96 Indexes) Set C,20027215,NovaSeq,E05,UDP0229,GCTCTTAACT,UDP0229,GGTGGACGTG
IDT-ILMN Nextera DNA UD Indexes (96 Indexes) Set C,20027215,NovaSeq,F05,UDP0230,GTGGTATCTG,UDP0230,AGATAGTAGC
IDT-ILMN Nextera DNA UD Indexes (96 Indexes) Set C,20027215,NovaSeq,G05,UDP0231,TGACGGCCGT,UDP0231,ATGGTTGACT
IDT-ILMN Nextera DNA UD Indexes (96 Indexes) Set C,20027215,NovaSeq,H05,UDP0232,CAGTAATTAC,UDP0232,TACCGCCTCG
IDT-ILMN Nextera DNA UD Indexes (96 Indexes) Set C,20027215,NovaSeq,A06,UDP0233,TACAAGACTT,UDP0233,TGAACACCTG
IDT-ILMN Nextera DNA UD Indexes (96 Indexes) Set C,20027215,NovaSeq,B06,UDP0234,CTGTGGTGAC,UDP0234,CCTGTCTGTC
IDT-ILMN Nextera DNA UD Indexes (96 Indexes) Set C,20027215,NovaSeq,C06,UDP0235,CTCCACTAAT,UDP0235,AACAAGTACA
IDT-ILMN Nextera DNA UD Indexes (96 Indexes) Set C,20027215,NovaSeq,D06,UDP0236,ATAGTTAGCA,UDP0236,CTACTTAGAG
IDT-ILMN Nextera DNA UD Indexes (96 Indexes) Set C,20027215,NovaSeq,E06,UDP0237,ATAGGTCTTA,UDP0237,CTGTGGTGAC
IDT-ILMN Nextera DNA UD Indexes (96 Indexes) Set C,20027215,NovaSeq,F06,UDP0238,TTCTTAACCA,UDP0238,GGTATGTAGA
IDT-ILMN Nextera DNA UD Indexes (96 Indexes) Set C,20027215,NovaSeq,G06,UDP0239,AAGGAAGAGT,UDP0239,GCCTAACGTG
IDT-ILMN Nextera DNA UD Indexes (96 Indexes) Set C,20027215,NovaSeq,H06,UDP0240,GGAAGGAGAC,UDP0240,AGACTCACCA
IDT-ILMN Nextera DNA UD Indexes (96 Indexes) Set C,20027215,NovaSeq,A07,UDP0241,TGAACGCGGA,UDP0241,TCCTTCGAAG
IDT-ILMN Nextera DNA UD Indexes (96 Indexes) Set C,20027215,NovaSeq,B07,UDP0242,CCTGCAACCT,UDP0242,CTGACTCTAC
IDT-ILMN Nextera DNA UD Indexes (96 Indexes) Set C,20027215,NovaSeq,C07,UDP0243,TTCATGGTTC,UDP0243,TGACAATGTC
IDT-ILMN Nextera DNA UD Indexes (96 Indexes) Set C,20027215,NovaSeq,D07,UDP0244,ATCCTCTCAA,UDP0244,GCCTTGCGGA
IDT-ILMN Nextera DNA UD Indexes (96 Indexes) Set C,20027215,NovaSeq,E07,UDP0245,CACTAGACCA,UDP0245,ATAAGGCAGT
IDT-ILMN Nextera DNA UD Indexes (96 Indexes) Set C,20027215,NovaSeq,F07,UDP0246,ATTATCCACT,UDP0246,TACGTGCGTA
IDT-ILMN Nextera DNA UD Indexes (96 Indexes) Set C,20027215,NovaSeq,G07,UDP0247,ATGGCGTGCC,UDP0247,ACTTCAAGCG
IDT-ILMN Nextera DNA UD Indexes (96 Indexes) Set C,20027215,NovaSeq,H07,UDP0248,TCCAGAGATC,UDP0248,TGAAGTGCAG
IDT-ILMN Nextera DNA UD Indexes (96 Indexes) Set C,20027215,NovaSeq,A08,UDP0249,ATGTCCAGCA,UDP0249,TTGTCCGCTG
IDT-ILMN Nextera DNA UD Indexes (96 Indexes) Set C,20027215,NovaSeq,B08,UDP0250,CAACGTTCGG,UDP0250,ATGCGGATCC
IDT-ILMN Nextera DNA UD Indexes (96 Indexes) Set C,20027215,NovaSeq,C08,UDP0251,GCGTATTAAT,UDP0251,CAACACCGCA
IDT-ILMN Nextera DNA UD Indexes (96 Indexes) Set C,20027215,NovaSeq,D08,UDP0252,GTTGTGACTA,UDP0252,TCCGTTATGT
IDT-ILMN Nextera DNA UD Indexes (96 Indexes) Set C,20027215,NovaSeq,E08,UDP0253,TCTCAATACC,UDP0253,CGCGAACGTC
IDT-ILMN Nextera DNA UD Indexes (96 Indexes) Set C,20027215,NovaSeq,F08,UDP0254,AAGCATCTTG,UDP0254,TTGTTGAATG
IDT-ILMN Nextera DNA UD Indexes (96 Indexes) Set C,20027215,NovaSeq,G08,UDP0255,TCAGTCTCGT,UDP0255,ATAATCCGTG
IDT-ILMN Nextera DNA UD Indexes (96 Indexes) Set C,20027215,NovaSeq,H08,UDP0256,TGCAAGATAA,UDP0256,CCGTCCTCAA
IDT-ILMN Nextera DNA UD Indexes (96 Indexes) Set C,20027215,NovaSeq,A09,UDP0257,GTAACAATCT,UDP0257,GTATACAGAG
IDT-ILMN Nextera DNA UD Indexes (96 Indexes) Set C,20027215,NovaSeq,B09,UDP0258,CAGCGGTAGA,UDP0258,CACCTGTTGC
IDT-ILMN Nextera DNA UD Indexes (96 Indexes) Set C,20027215,NovaSeq,C09,UDP0259,TCATACCGTT,UDP0259,CTGCGTTACC
IDT-ILMN Nextera DNA UD Indexes (96 Indexes) Set C,20027215,NovaSeq,D09,UDP0260,GGCGCCATTG,UDP0260,ATTGCGCGGT
IDT-ILMN Nextera DNA UD Indexes (96 Indexes) Set C,20027215,NovaSeq,E09,UDP0261,AGCGAATTAG,UDP0261,TGTTCCGGCT
IDT-ILMN Nextera DNA UD Indexes (96 Indexes) Set C,20027215,NovaSeq,F09,UDP0262,TTAGACCATG,UDP0262,CTTCCTAGGA
IDT-ILMN Nextera DNA UD Indexes (96 Indexes) Set C,20027215,NovaSeq,G09,UDP0263,CACACAGTAT,UDP0263,TTAGGCTCAA
IDT-ILMN Nextera DNA UD Indexes (96 Indexes) Set C,20027215,NovaSeq,H09,UDP0264,TCTTGTCGGC,UDP0264,ACACAGGTGG
IDT-ILMN Nextera DNA UD Indexes (96 Indexes) Set C,20027215,NovaSeq,A10,UDP0265,TACCGCCTCG,UDP0265,GGTTGCGAGG
IDT-ILMN Nextera DNA UD Indexes (96 Indexes) Set C,20027215,NovaSeq,B10,UDP0266,CTGTTATATC,UDP0266,ACAGCTATAC
IDT-ILMN Nextera DNA UD Indexes (96 Indexes) Set C,20027215,NovaSeq,C10,UDP0267,TAACCGGCGA,UDP0267,CTAATGTAGC
IDT-ILMN Nextera DNA UD Indexes (96 Indexes) Set C,20027215,NovaSeq,D10,UDP0268,AAGAGAGTCT,UDP0268,AAGATTCGTA
IDT-ILMN Nextera DNA UD Indexes (96 Indexes) Set C,20027215,NovaSeq,E10,UDP0269,GTAGGCGAGC,UDP0269,TGCGCTCCTA
IDT-ILMN Nextera DNA UD Indexes (96 Indexes) Set C,20027215,NovaSeq,F10,UDP0270,AACTTATCCT,UDP0270,ACGCCAGTAC
IDT-ILMN Nextera DNA UD Indexes (96 Indexes) Set C,20027215,NovaSeq,G10,UDP0271,ATTATGTCTC,UDP0271,GCTCTTAACT
IDT-ILMN Nextera DNA UD Indexes (96 Indexes) Set C,20027215,NovaSeq,H10,UDP0272,TATAACAGCT,UDP0272,TTATACGCGA
IDT-ILMN Nextera DNA UD Indexes (96 Indexes) Set C,20027215,NovaSeq,A11,UDP0273,CCAATGATAC,UDP0273,CGGCACACTC
IDT-ILMN Nextera DNA UD Indexes (96 Indexes) Set C,20027215,NovaSeq,B11,UDP0274,GAGGCCTATT,UDP0274,TCCGGACTAG
IDT-ILMN Nextera DNA UD Indexes (96 Indexes) Set C,20027215,NovaSeq,C11,UDP0275,AGCTAAGCGG,UDP0275,GCGTATTAAT
IDT-ILMN Nextera DNA UD Indexes (96 Indexes) Set C,20027215,NovaSeq,D11,UDP0276,CTTCCTAGGA,UDP0276,ATACTCTAGG
IDT-ILMN Nextera DNA UD Indexes (96 Indexes) Set C,20027215,NovaSeq,E11,UDP0277,CGATCTGTGA,UDP0277,AGTCTTCCTA
IDT-ILMN Nextera DNA UD Indexes (96 Indexes) Set C,20027215,NovaSeq,F11,UDP0278,GTGGACAAGT,UDP0278,AAGGCCACGG
IDT-ILMN Nextera DNA UD Indexes (96 Indexes) Set C,20027215,NovaSeq,G11,UDP0279,AACAAGTACA,UDP0279,GGATATATCC
IDT-ILMN Nextera DNA UD Indexes (96 Indexes) Set C,20027215,NovaSeq,H11,UDP0280,AGATTAAGTG,UDP0280,CCAAGAGGTG
IDT-ILMN Nextera DNA UD Indexes (96 Indexes) Set C,20027215,NovaSeq,A12,UDP0281,TATCACTCTG,UDP0281,ATGTAACGTT
IDT-ILMN Nextera DNA UD Indexes (96 Indexes) Set C,20027215,NovaSeq,B12,UDP0282,AGAATTCGCC,UDP0282,GAGCTTGCCG
IDT-ILMN Nextera DNA UD Indexes (96 Indexes) Set C,20027215,NovaSeq,C12,UDP0283,CCTGACCACT,UDP0283,ATAGCCAAGA
IDT-ILMN Nextera DNA UD Indexes (96 Indexes) Set C,20027215,NovaSeq,D12,UDP0284,AGCTGGAATG,UDP0284,CGCATTCCGT
IDT-ILMN Nextera DNA UD Indexes (96 Indexes) Set C,20027215,NovaSeq,E12,UDP0285,TGATAACGAG,UDP0285,CCTGCGGAAC
IDT-ILMN Nextera DNA UD Indexes (96 Indexes) Set C,20027215,NovaSeq,F12,UDP0286,CATAGTAAGG,UDP0286,GTAACTTGGT
IDT-ILMN Nextera DNA UD Indexes (96 Indexes) Set C,20027215,NovaSeq,G12,UDP0287,ATTGGCTTCT,UDP0287,CTGCGAGCCA
IDT-ILMN Nextera DNA UD Indexes (96 Indexes) Set C,20027215,NovaSeq,H12,UDP0288,GTACCGATTA,UDP0288,AACGTTAGTT