[Header],,,,,,,,,
Project,2021_024,,,,,,,,
PipelineName,ctg-rnaseq,,,,,,,,
PipelineVersion,dev,,,,,,,,
PipelineProfile,uroscan,,,,,,,,
RunFolder,210913_A00681_0462_AHJNGHDRXY,,,,,,,,
Instrument Type,NovaSeq1.5,,,,,,,,
FlowCell,"NovaSeq 6000 S1 Reagent Kit, 100 cycles v1.5 (20028319)",,,,,,,,
SharedFlowCell,true,,,,,,,,
PoolName,CTGpool_38,,,,,,,,
Species,Homo sapiens,,,,,,,,
Assay,TruSeq Stranded mRNA,,,,,,,,
Index Adapters,IDT-ILMN TruSeq RNA UD Indexes (96 Indexes),,,,,,,,
IEMFileVersion,5,,,,,,,,
Experiment Name,NovaSeq_XP,,,,,,,,
Date,44418,,,,,,,,
Workflow,GenerateFASTQ,,,,,,,,
Application,NovaSeq FASTQ Only,,,,,,,,
Chemistry,Amplicon,,,,,,,,
,,,,,,,,,
[Reads],,,,,,,,,
151,,,,,,,,,
151,,,,,,,,,
,,,,,,,,,
[Settings],,,,,,,,,
Adapter,AGATCGGAAGAGCACACGTCTGAACTCCAGTCA,,,,,,,,
AdapterRead2,AGATCGGAAGAGCGTCGTGTAGGGAAAGAGTGT,,,,,,,,
Read1StartFromCycle,1,,,,,,,,
Read2StartFromCycle,1,,,,,,,,
,,,,,,,,,
[Data],,,,,,,,,
Sample_ID,Index_Plate_Well,I7_Index_ID,index,I5_Index_ID,index2,RIN,concentration,Excluded,Sample_Project
21KF00076,A01,UDI0001,CCGCGGTT,UDI0001,CTAGCGCT,2,16.2,Included,2021_024
21KF00077,B01,UDI0002,TTATAACC,UDI0002,TCGATATC,7.2,26.9,Included,2021_024
21KF00078,C01,UDI0003,GGACTTGG,UDI0003,CGTCTGCG,8.7,39.6,Included,2021_024
21KF00079,D01,UDI0004,AAGTCCAA,UDI0004,TACTCATA,8.3,31.4,Included,2021_024
21KF00080,E01,UDI0005,ATCCACTG,UDI0005,ACGCACCT,8.5,30.2,Included,2021_024
21KF00081,F01,UDI0006,GCTTGTCA,UDI0006,GTATGTTC,8.6,32.6,Included,2021_024
21KF00082,G01,UDI0007,CAAGCTAG,UDI0007,CGCTATGT,8.4,34,Included,2021_024
21KF00083,H01,UDI0008,TGGATCGA,UDI0008,TATCGCAC,8,20.5,Included,2021_024
21KF00084,A02,UDI0009,AGTTCAGG,UDI0009,TCTGTTGG,8.4,27.1,Included,2021_024
21KF00088,B02,UDI0010,GACCTGAA,UDI0010,CTCACCAA,8.4,30.9,Included,2021_024
21KF00089,C02,UDI0011,TCTCTACT,UDI0011,GAACCGCG,8.4,29.7,Included,2021_024
21KF00090,D02,UDI0012,CTCTCGTC,UDI0012,AGGTTATA,8.1,32.7,Included,2021_024
21KF00091,E02,UDI0013,CCAAGTCT,UDI0013,TCATCCTT,8,36.6,Included,2021_024
21KF00092,F02,UDI0014,TTGGACTC,UDI0014,CTGCTTCC,8.5,27.5,Included,2021_024
21KF00093,G02,UDI0015,GGCTTAAG,UDI0015,GGTCACGA,2.1,4.7,Excluded,2021_024
21KF00095,H02,UDI0016,AATCCGGA,UDI0016,AACTGTAG,8.6,13.2,Included,2021_024
21KF00103,A03,UDI0017,TAATACAG,UDI0017,GTGAATAT,7,28.5,Included,2021_024
21KF00104,B03,UDI0018,CGGCGTGA,UDI0018,ACAGGCGC,4,20.1,Included,2021_024
21KF00105,C03,UDI0019,ATGTAAGT,UDI0019,CATAGAGT,2.4,6.7,Included,2021_024
21KF00106,D03,UDI0020,GCACGGAC,UDI0020,TGCGAGAC,7.8,35.4,Included,2021_024
21KF00107,E03,UDI0021,GGTACCTT,UDI0021,GACGTCTT,8.4,30.4,Included,2021_024
21KF00109,F03,UDI0022,AACGTTCC,UDI0022,AGTACTCC,8.9,28.4,Included,2021_024
21KF00111,G03,UDI0023,GCAGAATT,UDI0023,TGGCCGGT,7.6,2.8,Included,2021_024
21KF00117,H03,UDI0024,ATGAGGCC,UDI0024,CAATTAAC,7.6,28.5,Included,2021_024
21KF00118,A04,UDI0025,ACTAAGAT,UDI0025,CCGCGGTT,8.1,29.2,Included,2021_024
21KF00119,B04,UDI0026,GTCGGAGC,UDI0026,TTATAACC,5.9,32.3,Included,2021_024
21KF00120,C04,UDI0027,CTTGGTAT,UDI0027,GGACTTGG,7.7,36,Included,2021_024
21KF00122,D04,UDI0028,TCCAACGC,UDI0028,AAGTCCAA,8.9,30.7,Included,2021_024
21KF00124,E04,UDI0029,CCGTGAAG,UDI0029,ATCCACTG,8.2,31.5,Included,2021_024
21KF00125,F04,UDI0030,TTACAGGA,UDI0030,GCTTGTCA,8,50.5,Included,2021_024
21KF00126,G04,UDI0031,GGCATTCT,UDI0031,CAAGCTAG,7.6,31.7,Included,2021_024
21KF00127,H04,UDI0032,AATGCCTC,UDI0032,TGGATCGA,7.1,29.5,Included,2021_024
21KF00128,A05,UDI0033,TACCGAGG,UDI0033,AGTTCAGG,8.6,28.7,Included,2021_024
21KF00129,B05,UDI0034,CGTTAGAA,UDI0034,GACCTGAA,8.5,31.5,Included,2021_024
21KF00130,C05,UDI0035,AGCCTCAT,UDI0035,TCTCTACT,6.7,34.2,Included,2021_024
21KF00131,D05,UDI0036,GATTCTGC,UDI0036,CTCTCGTC,6.9,27,Included,2021_024
21KF00132,E05,UDI0037,TCGTAGTG,UDI0037,CCAAGTCT,7.7,26.8,Included,2021_024
21KF00133,F05,UDI0038,CTACGACA,UDI0038,TTGGACTC,8,37.2,Included,2021_024
21KF00134,G05,UDI0039,TAAGTGGT,UDI0039,GGCTTAAG,9,36.7,Included,2021_024
21KF00154,H05,UDI0040,CGGACAAC,UDI0040,AATCCGGA,8.1,8,Included,2021_024
21KF00156,A06,UDI0041,ATATGGAT,UDI0041,TAATACAG,7.8,19.1,Included,2021_024
21KF00159,B06,UDI0042,GCGCAAGC,UDI0042,CGGCGTGA,4.3,6.4,Included,2021_024
21KF00160,C06,UDI0043,AAGATACT,UDI0043,ATGTAAGT,8.6,3.3,Included,2021_024
21KF00161,D06,UDI0044,GGAGCGTC,UDI0044,GCACGGAC,8.5,10.7,Included,2021_024
21KF00162,E06,UDI0045,ATGGCATG,UDI0045,GGTACCTT,7.9,41.1,Included,2021_024
21KF00163,F06,UDI0046,GCAATGCA,UDI0046,AACGTTCC,1.8,2.5,Excluded,2021_024
21KF00167,G06,UDI0047,GTTCCAAT,UDI0047,GCAGAATT,7,45.8,Included,2021_024
21KF00168,H06,UDI0048,ACCTTGGC,UDI0048,ATGAGGCC,7.6,62,Included,2021_024
21KF00169,A07,UDI0049,ATATCTCG,UDI0049,ACTAAGAT,5.3,27,Included,2021_024
21KF00170,B07,UDI0050,GCGCTCTA,UDI0050,GTCGGAGC,7.3,32.7,Included,2021_024
21KF00171,C07,UDI0051,AACAGGTT,UDI0051,CTTGGTAT,8.1,31.4,Included,2021_024
21KF00172,D07,UDI0052,GGTGAACC,UDI0052,TCCAACGC,7.7,21.6,Included,2021_024
21KF00193,E07,UDI0053,CAACAATG,UDI0053,CCGTGAAG,7.5,23.2,Included,2021_024
21KF00194,F07,UDI0054,TGGTGGCA,UDI0054,TTACAGGA,8.7,89,Included,2021_024
21KF00195,G07,UDI0055,AGGCAGAG,UDI0055,GGCATTCT,7.3,68,Included,2021_024
21KF00197,H07,UDI0056,GAATGAGA,UDI0056,AATGCCTC,8.5,94,Included,2021_024