# Checklist for iem sample sheet. Define required values parameters,,,,,
iem_section,parameter,conditional_parameter,conditional_value,value,Comment
[Header],Instrument Type,,,NovaSeq,Short for NovaSeq1.5. Default run.
[Header],Instrument Type,,,NovaSeq1.0,
[Header],Assay,,,TruSeq Stranded mRNA,TruSeq Stranded mRNA Sample Preparation Guide (Part 15031047 Rev. E) Modification of Enrich DNA Fragment step:from 15 to 13 PCR cycles
[Header],Assay,,,Illumina Stranded mRNA,"Illumina Stranded mRNA Prep, Ligation (20040534, Illumina)"
[Header],Assay,,,SMARTer Stranded Total RNA HI Mammalian,"SMARTer Stranded Total RNA Sample Prep Kit  HI Mammalian (634873, Takara Bio USA, Inc.)"
[Header],Assay,,,SMARTer Stranded Total RNA-Seq Kit v2 Pico Input Mammalian,"SMARTer Stranded Total RNA-Seq Kit v2 Pico Input Mammalian Components (634418, Takara Bio USA, Inc.) "
[Header],Assay,,,SMART-Seq v4 Ultra Low Input RNA Kit,"NOTE: This protocol/Assay uses Nextera XT DNA Library PreparationKit (FC-131-1096, Illumina). Assay value should be 'SMART-Seq v4 Ultra Low Input RNA Kit' since this will determine ReadStart params."
[Header],Index Adapters,,,IDT-ILMN TruSeq RNA UD Indexes (96 Indexes),IDT-ILMN TruSeq RNA UD Indexes (96 Indexes) (20023785) NovaSeq1.5
[Header],Index Adapters,,,IDT-Ilmn RNA UD Indexes SetA Ligation,"IDT for Illumina RNA UD Indexes Set A, Ligation (20040553, Illumina)"
[Header],Index Adapters,,,IDT-Ilmn RNA UD Indexes SetB Ligation,"IDT for Illumina RNA UD Indexes Set B, Ligation (20040554, Illumina)"
[Header],Index Adapters,,,SMARTer RNA Unique Dual Index Kit -96U Set A,SMARTer RNA Unique Dual Index Kit Set A Cat 634452
[Header],Index Adapters,,,IDT-ILMN Nextera DNA UD Indexes (96 Indexes) Set C,"IDT for Illumina Nextera DNA Unique Dual Indexes Set C (96 Indexes, 96 Samples), 20027215 (NovaSeq1.5) (Till SMARTseq Ultra Low + Nextera)"
[Settings],Adapter,Index Adapters,IDT-ILMN TruSeq RNA UD Indexes (96 Indexes),AGATCGGAAGAGCACACGTCTGAACTCCAGTCA,
[Settings],AdapterRead2,Index Adapters,IDT-ILMN TruSeq RNA UD Indexes (96 Indexes),AGATCGGAAGAGCGTCGTGTAGGGAAAGAGTGT,
[Settings],Adapter,Index Adapters,IDT-Ilmn RNA UD Indexes SetA Ligation,CTGTCTCTTATACACATCT,
[Settings],Adapter,Index Adapters,IDT-Ilmn RNA UD Indexes SetB Ligation,CTGTCTCTTATACACATCT,
[Settings],Adapter,Index Adapters,SMARTer RNA Unique Dual Index Kit �96U Set A,AGATCGGAAGAGCACACGTCTGAACTCCAGTCA,
[Settings],AdapterRead2,Index Adapters,SMARTer RNA Unique Dual Index Kit �96U Set A,AGATCGGAAGAGCGTCGTGTAGGGAAAGAGTGT,
[Settings],Adapter,Index Adapters,IDT-ILMN Nextera DNA UD Indexes (96 Indexes) Set C,CTGTCTCTTATACACATCT,
[Settings],Read1StartFromCycle,Index Adapters,IDT-Ilmn RNA UD Indexes SetA Ligation,2,
[Settings],Read2StartFromCycle,Index Adapters,IDT-Ilmn RNA UD Indexes SetA Ligation,2,
[Settings],Read1StartFromCycle,Index Adapters,IDT-Ilmn RNA UD Indexes SetB Ligation,2,
[Settings],Read2StartFromCycle,Index Adapters,IDT-Ilmn RNA UD Indexes SetB Ligation,2,
[Settings],Read2StartFromCycle,Assay,SMARTer Stranded Total RNA-Seq Kit v2 Pico Input Mammalian,4,
[Settings],Read2StartFromCycle,Assay,SMARTer Stranded Total RNA-Seq Kit v2 Pico Input Mammalian,4,
[Settings],Read1StartFromCycle,Assay,SMART-Seq v4 Ultra Low Input RNA Kit,4,
[Data],Strandness,Assay,TruSeq Stranded mRNA,reverse,
[Data],Strandness,Assay,Illumina Stranded mRNA,reverse,
[Data],Strandness,Assay,SMARTer Stranded Total RNA HI Mammalian,forward,
[Data],Strandness,Assay,SMARTer Stranded Total RNA-Seq Kit v2 Pico Input Mammalian,reverse,
[Data],Strandness,Assay,SMART-Seq v4 Ultra Low Input RNA Kit,forward,
[Data],Species,,,Homo sapiens,
[Data],Species,,,Mus musculus,
